{"dtype": "compas_assembly_old.datastructures/Assembly", "value": {"compas": "1.7.1", "datatype": "compas_assembly_old.datastructures/Assembly", "data": {"attributes": {"name": "Network"}, "node_attributes": {"x": 0.0, "y": 0.0, "z": 0.0, "block": null, "displacement": [0, 0, 0, 0, 0, 0]}, "edge_attributes": {"interface": null, "interfaces": []}, "node": {"1": {"y": 0.0, "z": 0.19999998807907104, "x": -1.0, "block": {"dtype": "compas_assembly.datastructures/Block", "value": {"compas": "1.7.1", "datatype": "compas_assembly.datastructures/Block", "data": {"attributes": {"name": null}, "dva": {"x": 0.0, "y": 0.0, "z": 0.0}, "dea": {}, "dfa": {}, "vertex": {"0": {"y": 0.5, "z": 1.399999976158142, "x": -0.8999999761581421}, "1": {"y": 0.5, "z": -1.0, "x": -0.8999999761581421}, "2": {"y": -0.5, "z": 1.399999976158142, "x": -0.8999999761581421}, "3": {"y": -0.5, "z": -1.0, "x": -0.8999999761581421}, "4": {"y": 0.5, "z": 1.399999976158142, "x": -1.100000023841858}, "5": {"y": 0.5, "z": -1.0, "x": -1.100000023841858}, "6": {"y": -0.5, "z": 1.399999976158142, "x": -1.100000023841858}, "7": {"y": -0.5, "z": -1.0, "x": -1.100000023841858}}, "face": {"0": [5, 7, 6, 4], "1": [4, 6, 2, 0], "2": [0, 2, 3, 1], "3": [1, 3, 7, 5], "4": [3, 2, 6, 7], "5": [1, 5, 4, 0]}, "facedata": {"0": {}, "1": {}, "2": {}, "3": {}, "4": {}, "5": {}}, "edgedata": {}, "max_vertex": 7, "max_face": 5}}}}, "2": {"y": 0.0, "z": 0.20000001043081284, "x": 0.0, "block": {"dtype": "compas_assembly.datastructures/Block", "value": {"compas": "1.7.1", "datatype": "compas_assembly.datastructures/Block", "data": {"attributes": {"name": null}, "dva": {"x": 0.0, "y": 0.0, "z": 0.0}, "dea": {}, "dfa": {}, "vertex": {"0": {"y": 0.5, "z": 0.6000000238418579, "x": 0.8999999761581421}, "1": {"y": 0.5, "z": -0.20000000298023224, "x": 0.8999999761581421}, "2": {"y": -0.5, "z": 0.6000000238418579, "x": 0.8999999761581421}, "3": {"y": -0.5, "z": -0.20000000298023224, "x": 0.8999999761581421}, "4": {"y": 0.5, "z": 0.6000000238418579, "x": -0.8999999761581421}, "5": {"y": 0.5, "z": -0.20000000298023224, "x": -0.8999999761581421}, "6": {"y": -0.5, "z": 0.6000000238418579, "x": -0.8999999761581421}, "7": {"y": -0.5, "z": -0.20000000298023224, "x": -0.8999999761581421}}, "face": {"0": [7, 6, 4, 5], "1": [6, 2, 0, 4], "2": [2, 3, 1, 0], "3": [3, 7, 5, 1], "4": [7, 3, 2, 6], "5": [0, 1, 5, 4]}, "facedata": {"0": {}, "1": {}, "2": {}, "3": {}, "4": {}, "5": {}}, "edgedata": {}, "max_vertex": 7, "max_face": 5}}}}, "0": {"y": 0.0, "z": 0.19999998807907104, "x": 1.0, "block": {"dtype": "compas_assembly.datastructures/Block", "value": {"compas": "1.7.1", "datatype": "compas_assembly.datastructures/Block", "data": {"attributes": {"name": null}, "dva": {"x": 0.0, "y": 0.0, "z": 0.0}, "dea": {}, "dfa": {}, "vertex": {"0": {"y": 0.5, "z": 1.399999976158142, "x": 1.100000023841858}, "1": {"y": 0.5, "z": -1.0, "x": 1.100000023841858}, "2": {"y": -0.5, "z": 1.399999976158142, "x": 1.100000023841858}, "3": {"y": -0.5, "z": -1.0, "x": 1.100000023841858}, "4": {"y": 0.5, "z": 1.399999976158142, "x": 0.8999999761581421}, "5": {"y": 0.5, "z": -1.0, "x": 0.8999999761581421}, "6": {"y": -0.5, "z": 1.399999976158142, "x": 0.8999999761581421}, "7": {"y": -0.5, "z": -1.0, "x": 0.8999999761581421}}, "face": {"0": [5, 7, 6, 4], "1": [4, 6, 2, 0], "2": [0, 2, 3, 1], "3": [1, 3, 7, 5], "4": [3, 2, 6, 7], "5": [1, 5, 4, 0]}, "facedata": {"0": {}, "1": {}, "2": {}, "3": {}, "4": {}, "5": {}}, "edgedata": {}, "max_vertex": 7, "max_face": 5}}}}}, "edge": {"1": {}, "2": {}, "0": {}}, "adjacency": {"1": {}, "2": {}, "0": {}}, "max_int_key": 2}}}
