{"dtype": "compas_assembly_old.datastructures/Assembly", "value": {"compas": "1.7.1", "datatype": "compas_assembly_old.datastructures/Assembly", "data": {"attributes": {"name": "Network"}, "node_attributes": {"x": 0.0, "y": 0.0, "z": 0.0, "block": null, "displacement": [0, 0, 0, 0, 0, 0]}, "edge_attributes": {"interface": null, "interfaces": []}, "node": {"9": {"y": 0.10000000149011612, "z": 0.5480208024382591, "x": 0.47190791368484497, "block": {"dtype": "compas_assembly.datastructures/Block", "value": {"compas": "1.7.1", "datatype": "compas_assembly.datastructures/Block", "data": {"attributes": {"name": null}, "dva": {"x": 0.0, "y": 0.0, "z": 0.0}, "dea": {}, "dfa": {}, "vertex": {"0": {"y": 0.0, "z": 0.2671591639518738, "x": 0.5829572677612305}, "1": {"y": 0.20000000298023224, "z": 0.2671591639518738, "x": 0.5829572677612305}, "2": {"y": 0.0, "z": 0.17941752076148987, "x": 0.5034412145614624}, "3": {"y": 0.20000000298023224, "z": 0.17941752076148987, "x": 0.5034412145614624}, "4": {"y": 0.0, "z": 0.8727532625198364, "x": 0.4193337857723236}, "5": {"y": 0.20000000298023224, "z": 0.8727532625198364, "x": 0.4193337857723236}, "6": {"y": 0.0, "z": 0.8727532625198364, "x": 0.3818993866443634}, "7": {"y": 0.20000000298023224, "z": 0.8727532625198364, "x": 0.3818993866443634}}, "face": {"0": [6, 2, 0, 4], "1": [7, 5, 1, 3], "2": [0, 1, 5, 4], "3": [2, 3, 1, 0], "4": [4, 5, 7, 6], "5": [6, 7, 3, 2]}, "facedata": {"0": {}, "1": {}, "2": {}, "3": {}, "4": {}, "5": {}}, "edgedata": {}, "max_vertex": 7, "max_face": 5}}}}, "7": {"y": 0.10000000149011612, "z": 0.21109055494889617, "x": -0.014668408781290054, "block": {"dtype": "compas_assembly.datastructures/Block", "value": {"compas": "1.7.1", "datatype": "compas_assembly.datastructures/Block", "data": {"attributes": {"name": null}, "dva": {"x": 0.0, "y": 0.0, "z": 0.0}, "dea": {}, "dfa": {}, "vertex": {"0": {"y": 0.0, "z": -0.023659327998757362, "x": 0.3194025456905365}, "1": {"y": 0.20000000298023224, "z": -0.023659327998757362, "x": 0.3194025456905365}, "2": {"y": 0.0, "z": -0.11933368444442749, "x": 0.232697531580925}, "3": {"y": 0.20000000298023224, "z": -0.11933368444442749, "x": 0.232697531580925}, "4": {"y": 0.0, "z": 0.5109679698944092, "x": -0.29348012804985046}, "5": {"y": 0.20000000298023224, "z": 0.5109679698944092, "x": -0.29348012804985046}, "6": {"y": 0.0, "z": 0.47638726234436035, "x": -0.31729358434677124}, "7": {"y": 0.20000000298023224, "z": 0.47638726234436035, "x": -0.31729358434677124}}, "face": {"0": [6, 2, 0, 4], "1": [7, 5, 1, 3], "2": [0, 1, 5, 4], "3": [2, 3, 1, 0], "4": [4, 5, 7, 6], "5": [6, 7, 3, 2]}, "facedata": {"0": {}, "1": {}, "2": {}, "3": {}, "4": {}, "5": {}}, "edgedata": {}, "max_vertex": 7, "max_face": 5}}}}, "10": {"y": 0.10000000149011612, "z": 0.7623496353626251, "x": -0.26302971690893173, "block": {"dtype": "compas_assembly.datastructures/Block", "value": {"compas": "1.7.1", "datatype": "compas_assembly.datastructures/Block", "data": {"attributes": {"name": null}, "dva": {"x": 0.0, "y": 0.0, "z": 0.0}, "dea": {}, "dfa": {}, "vertex": {"0": {"y": 0.0, "z": 0.6761630773544312, "x": -0.24373586475849152}, "1": {"y": 0.0, "z": 0.8727532625198364, "x": -0.2492399662733078}, "2": {"y": 0.20000000298023224, "z": 0.6761630773544312, "x": -0.24373586475849152}, "3": {"y": 0.20000000298023224, "z": 0.8727532625198364, "x": -0.2492399662733078}, "4": {"y": 0.0, "z": 0.8727532625198364, "x": -0.27487632632255554}, "5": {"y": 0.0, "z": 0.6277289390563965, "x": -0.28426671028137207}, "6": {"y": 0.20000000298023224, "z": 0.8727532625198364, "x": -0.27487632632255554}, "7": {"y": 0.20000000298023224, "z": 0.6277289390563965, "x": -0.28426671028137207}}, "face": {"0": [1, 4, 5, 0], "1": [3, 2, 7, 6], "2": [0, 2, 3, 1], "3": [5, 7, 2, 0], "4": [1, 3, 6, 4], "5": [4, 6, 7, 5]}, "facedata": {"0": {}, "1": {}, "2": {}, "3": {}, "4": {}, "5": {}}, "edgedata": {}, "max_vertex": 7, "max_face": 5}}}}, "3": {"y": 0.10000000149011612, "z": -0.2959962859749794, "x": 0.03941825591027737, "block": {"dtype": "compas_assembly.datastructures/Block", "value": {"compas": "1.7.1", "datatype": "compas_assembly.datastructures/Block", "data": {"attributes": {"name": null}, "dva": {"x": 0.0, "y": 0.0, "z": 0.0}, "dea": {}, "dfa": {}, "vertex": {"0": {"y": 0.0, "z": -0.31684044003486633, "x": 0.37335020303726196}, "1": {"y": 0.20000000298023224, "z": -0.31684044003486633, "x": 0.37335020303726196}, "2": {"y": 0.0, "z": -0.4333975911140442, "x": 0.24232976138591766}, "3": {"y": 0.20000000298023224, "z": -0.4333975911140442, "x": 0.24232976138591766}, "4": {"y": 0.0, "z": -0.15774419903755188, "x": -0.1975245326757431}, "5": {"y": 0.20000000298023224, "z": -0.15774419903755188, "x": -0.1975245475769043}, "6": {"y": 0.0, "z": -0.2760029137134552, "x": -0.26048240065574646}, "7": {"y": 0.20000000298023224, "z": -0.2760029137134552, "x": -0.26048240065574646}}, "face": {"0": [3, 7, 5, 1], "1": [4, 0, 1, 5], "2": [6, 4, 5, 7], "3": [0, 2, 3, 1], "4": [2, 6, 7, 3], "5": [2, 0, 4, 6]}, "facedata": {"0": {}, "1": {}, "2": {}, "3": {}, "4": {}, "5": {}}, "edgedata": {}, "max_vertex": 7, "max_face": 5}}}}, "5": {"y": 0.10000000149011612, "z": 0.1523011289536953, "x": 0.5389219559729099, "block": {"dtype": "compas_assembly.datastructures/Block", "value": {"compas": "1.7.1", "datatype": "compas_assembly.datastructures/Block", "data": {"attributes": {"name": null}, "dva": {"x": 0.0, "y": 0.0, "z": 0.0}, "dea": {}, "dfa": {}, "vertex": {"0": {"y": 0.0, "z": 0.6045564413070679, "x": 0.8887240290641785}, "1": {"y": 0.0, "z": 0.5356431603431702, "x": 0.8887240290641785}, "2": {"y": 0.20000000298023224, "z": 0.6045564413070679, "x": 0.888724148273468}, "3": {"y": 0.20000000298023224, "z": 0.5356431603431702, "x": 0.888724148273468}, "4": {"y": 0.0, "z": -0.2852736711502075, "x": 0.2600812017917633}, "5": {"y": 0.20000000298023224, "z": -0.2852736711502075, "x": 0.2600812017917633}, "6": {"y": 0.0, "z": -0.24572141468524933, "x": 0.11815844476222992}, "7": {"y": 0.20000000298023224, "z": -0.24572141468524933, "x": 0.11815844476222992}}, "face": {"0": [2, 3, 5, 7], "1": [6, 0, 2, 7], "2": [4, 6, 7, 5], "3": [0, 1, 3, 2], "4": [1, 4, 5, 3], "5": [0, 6, 4, 1]}, "facedata": {"0": {}, "1": {}, "2": {}, "3": {}, "4": {}, "5": {}}, "edgedata": {}, "max_vertex": 7, "max_face": 5}}}}, "0": {"y": 0.10000000149011612, "z": -0.0001742243766784668, "x": 0.010062620043754578, "block": {"dtype": "compas_assembly.datastructures/Block", "value": {"compas": "1.7.1", "datatype": "compas_assembly.datastructures/Block", "data": {"attributes": {"name": null}, "dva": {"x": 0.0, "y": 0.0, "z": 0.0}, "dea": {}, "dfa": {}, "vertex": {"0": {"y": 0.0, "z": 1.0, "x": 1.0204081535339355}, "1": {"y": 0.0, "z": -1.0, "x": 1.0204081535339355}, "2": {"y": 0.20000000298023224, "z": 1.0, "x": 1.020408272743225}, "3": {"y": 0.20000000298023224, "z": -1.0, "x": 1.020408272743225}, "4": {"y": 0.0, "z": 0.8727532625198364, "x": 0.8887240290641785}, "5": {"y": 0.0, "z": -0.8734501600265503, "x": 0.8887240290641785}, "6": {"y": 0.20000000298023224, "z": 0.8727532625198364, "x": 0.888724148273468}, "7": {"y": 0.20000000298023224, "z": -0.8734501600265503, "x": 0.888724148273468}, "8": {"y": 0.0, "z": 0.8727532625198364, "x": -0.8688818216323853}, "9": {"y": 0.0, "z": -0.8734501600265503, "x": -0.8688818216323853}, "10": {"y": 0.20000000298023224, "z": 0.8727532625198364, "x": -0.8688818216323853}, "11": {"y": 0.20000000298023224, "z": -0.8734501600265503, "x": -0.8688818216323853}, "12": {"y": 0.0, "z": 1.0, "x": -1.0}, "13": {"y": 0.0, "z": -1.0, "x": -1.0}, "14": {"y": 0.20000000298023224, "z": 1.0, "x": -1.0}, "15": {"y": 0.20000000298023224, "z": -1.0, "x": -1.0}}, "face": {"0": [9, 8, 12, 13], "1": [5, 9, 13, 1], "2": [8, 4, 0, 12], "3": [4, 5, 1, 0], "4": [11, 15, 14, 10], "5": [7, 3, 15, 11], "6": [10, 14, 2, 6], "7": [6, 2, 3, 7], "8": [12, 14, 15, 13], "9": [13, 15, 3, 1], "10": [0, 2, 14, 12], "11": [1, 3, 2, 0], "12": [9, 11, 10, 8], "13": [5, 7, 11, 9],