{"dtype": "compas_assembly_old.datastructures/Assembly", "value": {"data": {"node": {"9": {"y": 0.10000000149011612, "z": 0.53258125483989716, "x": -0.31964102853089571, "block": {"dtype": "compas_assembly.datastructures/Block", "value": {"data": {"max_face": 7, "attributes": {"name": null}, "edgedata": {}, "facedata": {"0": {}, "1": {}, "2": {}, "3": {}, "4": {}, "5": {}, "6": {}, "7": {}}, "face": {"0": [5, 4, 0, 1], "1": [7, 6, 4, 5], "2": [3, 2, 6, 7], "3": [1, 0, 2, 3], "4": [2, 4, 6], "5": [4, 2, 0], "6": [3, 7, 5], "7": [5, 1, 3]}, "dea": {}, "max_vertex": 7, "dfa": {}, "vertex": {"0": {"y": 0.20000000298023224, "z": 0.87275326251983643, "x": -0.044342290610074997}, "1": {"y": 0.0, "z": 0.87275326251983643, "x": -0.044342409819364548}, "2": {"y": 0.20000000298023224, "z": 0.87275326251983643, "x": -0.079224355518817902}, "3": {"y": 0.0, "z": 0.87275326251983643, "x": -0.079224474728107452}, "4": {"y": 0.20000000298023224, "z": 0.14918266236782074, "x": -0.54261773824691772}, "5": {"y": 0.0, "z": 0.14918266236782074, "x": -0.54261785745620728}, "6": {"y": 0.20000000298023224, "z": 0.23563583195209503, "x": -0.61237949132919312}, "7": {"y": 0.0, "z": 0.23563583195209503, "x": -0.61237961053848267}}, "dva": {"y": 0.0, "z": 0.0, "x": 0.0}}, "datatype": "compas_assembly.datastructures/Block", "compas": "1.7.1"}}}, "7": {"y": 0.10000000149011612, "z": 0.15992671996355057, "x": -0.60928899794816971, "block": {"dtype": "compas_assembly.datastructures/Block", "value": {"data": {"max_face": 7, "attributes": {"name": null}, "edgedata": {}, "facedata": {"0": {}, "1": {}, "2": {}, "3": {}, "4": {}, "5": {}, "6": {}, "7": {}}, "face": {"0": [3, 2, 0, 1], "1": [7, 5, 2, 3], "2": [6, 4, 5, 7], "3": [1, 0, 4, 6], "4": [0, 5, 4], "5": [5, 0, 2], "6": [1, 6, 7], "7": [7, 3, 1]}, "dea": {}, "max_vertex": 7, "dfa": {}, "vertex": {"0": {"y": 0.20000000298023224, "z": -0.17389333248138428, "x": -0.28191763162612915}, "1": {"y": 0.0, "z": -0.17389333248138428, "x": -0.2819177508354187}, "2": {"y": 0.20000000298023224, "z": -0.19983294606208801, "x": -0.41747471690177917}, "3": {"y": 0.0, "z": -0.19983294606208801, "x": -0.41747483611106873}, "4": {"y": 0.20000000298023224, "z": 0.55350959300994873, "x": -0.8688817024230957}, "5": {"y": 0.20000000298023224, "z": 0.45992356538772583, "x": -0.8688817024230957}, "6": {"y": 0.0, "z": 0.55350959300994873, "x": -0.86888182163238525}, "7": {"y": 0.0, "z": 0.45992356538772583, "x": -0.86888182163238525}}, "dva": {"y": 0.0, "z": 0.0, "x": 0.0}}, "datatype": "compas_assembly.datastructures/Block", "compas": "1.7.1"}}}, "12": {"y": 0.10000000149011612, "z": 0.39372587203979492, "x": 0.21701725176535547, "block": {"dtype": "compas_assembly.datastructures/Block", "value": {"data": {"max_face": 7, "attributes": {"name": null}, "edgedata": {}, "facedata": {"0": {}, "1": {}, "2": {}, "3": {}, "4": {}, "5": {}, "6": {}, "7": {}}, "face": {"0": [7, 3, 2, 6], "1": [5, 7, 6, 4], "2": [1, 5, 4, 0], "3": [3, 1, 0, 2], "4": [6, 2, 0], "5": [0, 4, 6], "6": [1, 7, 5], "7": [7, 1, 3]}, "dea": {}, "max_vertex": 7, "dfa": {}, "vertex": {"0": {"y": 0.20000000298023224, "z": 0.50354659557342529, "x": 0.44662147760391235}, "1": {"y": 0.0, "z": 0.50354659557342529, "x": 0.4466213583946228}, "2": {"y": 0.20000000298023224, "z": 0.54596215486526489, "x": 0.43918603658676147}, "3": {"y": 0.0, "z": 0.54596215486526489, "x": 0.43918591737747192}, "4": {"y": 0.20000000298023224, "z": 0.24365431070327759, "x": 0.012961325235664845}, "5": {"y": 0.0, "z": 0.24365431070327759, "x": 0.012961206026375294}, "6": {"y": 0.20000000298023224, "z": 0.28174042701721191, "x": -0.0306995939463377}, "7": {"y": 0.0, "z": 0.28174042701721191, "x": -0.030699713155627251}}, "dva": {"y": 0.0, "z": 0.0, "x": 0.0}}, "datatype": "compas_assembly.datastructures/Block", "compas": "1.7.1"}}}, "10": {"y": 0.10000000149011612, "z": 0.54802080243825912, "x": 0.47190797328948975, "block": {"dtype": "compas_assembly.datastructures/Block", "value": {"data": {"max_face": 7, "attributes": {"name": null}, "edgedata": {}, "facedata": {"0": {}, "1": {}, "2": {}, "3": {}, "4": {}, "5": {}, "6": {}, "7": {}}, "face": {"0": [7, 6, 2, 3], "1": [5, 4, 6, 7], "2": [1, 0, 4, 5], "3": [3, 2, 0, 1], "4": [2, 6, 4], "5": [4, 0, 2], "6": [3, 5, 7], "7": [5, 3, 1]}, "dea": {}, "max_vertex": 7, "dfa": {}, "vertex": {"0": {"y": 0.20000000298023224, "z": 0.26715916395187378, "x": 0.58295738697052002}, "1": {"y": 0.0, "z": 0.26715916395187378, "x": 0.58295726776123047}, "2": {"y": 0.20000000298023224, "z": 0.17941752076148987, "x": 0.50344133377075195}, "3": {"y": 0.0, "z": 0.17941752076148987, "x": 0.5034412145614624}, "4": {"y": 0.20000000298023224, "z": 0.87275326251983643, "x": 0.41933390498161316}, "5": {"y": 0.0, "z": 0.87275326251983643, "x": 0.41933378577232361}, "6": {"y": 0.20000000298023224, "z": 0.87275326251983643, "x": 0.38189950585365295}, "7": {"y": 0.0, "z": 0.87275326251983643, "x": 0.3818993866443634}}, "dva": {"y": 0.0, "z": 0.0, "x": 0.0}}, "datatype": "compas_assembly.datastructures/Block", "compas": "1.7.1"}}}, "3": {"y": 0.10000000149011612, "z": -0.5962965190410614, "x": -0.636883944272995, "block": {"dtype": "compas_assembly.datastructures/Block", "value": {"data": {"max_face": 7, "attributes": {"name": null}, "edgedata": {}, "facedata": {"0": {}, "1": {}, "2": {}, "3": {}, "4": {}, "5": {}, "6": {}, "7": {}}, "face": {"0": [3, 2, 6, 7], "1": [1, 0, 2, 3], "2": [5, 4, 0, 1], "3": [7, 6, 4, 5], "4": [2, 4, 6], "5": [4, 2, 0], "6": [3, 7, 5], "7": [5, 1, 3]}, "dea": {}, "max_vertex": 7, "dfa": {}, "vertex": {"0": {"y": 0.20000000298023224, "z": -0.3092343807220459, "x": -0.48680645227432251}, "1": {"y": 0.0, "z": -0.3092343807220459, "x": -0.48680657148361206}, "2": {"y": 0.20000000298023224, "z": -0.32905137538909912, "x": -0.62177073955535889}, "3": {"y": 0.0, "z": -0.32905137538909912, "x": -0.62177085876464844}, "4": {"y": 0.20000000298023224, "z": -0.87345016002655029, "x": -0.69438111782073975}, "5": {"y": 0.0, "z": -0.87345016002655029, "x": -0.6943812370300293}, "6": {"y": 0.20000000298023224, "z": -0.87345016002655029, "x": -0.74457722902297974}, "7": {"y": 0.0, "z": -0.87345016002655029, "x": -0.74457734823226929}}, "dva": {"y": 0.0, "z": 0.0, "x": 0.0}}, "datatype": "compas_assembly.datastructures/Block", "compas": "1.7.1"}}}, "5": {"y": 0.10000000149011612, "z": -0.27132359892129898, "x": -0.54894258454442024, "block": {"dtype": "compas_assembly.datastructures/Block", "value": {"data": {"max_face": 7, "attributes": {"name": null}, "edgedata": {}, "facedata": {"0": {}, "1": {}, "2": {}, "3": {}, "4": {}, "5": {}, "6": {}, "7": {}}, "face": {"0": [3, 2, 0, 1], "1": [7, 5, 2, 3], "2": [6, 4, 5, 7], "3": [1, 0, 4, 6], "4": [2, 5, 4], "5": [4, 0, 2], "6": [3, 6, 7], "7": [6, 3, 1]}, "dea": {}, "max_vertex": 7, "dfa": {}, "vertex": {"0": {"y": 0.20000000298023224, "z": -0.15774419903755188, "x": -0.19752441346645355}, "1": {"y": 0.0, "z": -0.15774419903755188, "x": -0.1975245326757431}, "2": {"y": 0.20000000298023224, "z": -0.2760029137134552, "x": -0.26048228144645691}, "3": {"y": 0.0, "z": -0.2760029137134552, "x": -0.26048240065574646}, "4": {"y": 0.20000000298023224, "z": -0.2862122654914856, "x": -0.8688817024230957}, "5": {"y": 0.20000000298023224, "z": -0.36533501744270325, "x": -0.8688817024230957}, "6": {"y": 0.0, "z": -0.2862122654914856, "x": -0.86888182163238525}, "7": {"y": 0.0, "z": -0.36533501744270325, "x": -0.86888182163238525}}, "dva": {"y": 0.0, "z": 0.0, "x": 0.0}}, "datatype": "compas_assembly.datastructures/Block", "compas": "1.7.1"}}}, "0": {"y": 0.10000000149011612, "z": -0.0001742243766784668, "x": 0.010062649846076965, "block": {"dtype": "compas_assembly.datastructures/Block", "value": {"data": {"max_face": 13, "attributes": {"name": null}, "edgedata": {}, "facedata": {"0": {}, "1": {}, "2": {}, "3": {}, "4": {}, "5": {}, "6": {}, "7": {}, "8": {}, "9": {}, "10": {}, "11": {}, "12": {}, "13": {}}, "face": {"0": [6, 4, 5, 7], "1": [2, 0, 4, 6],