{"graph": {"node": {"1": {"block": {"dtype": "compas_assembly.datastructures/Block", "value": {"max_vertex": 7, "max_face": 5, "dfa": {}, "vertex": {"0": {"y": 0.90000000000000002, "z": 0.80000000000000004, "x": -1.6000000000000001}, "1": {"y": -0.54957786539031461, "z": 1.4000000000000001, "x": -0.19999999999999996}, "2": {"y": 0.90000000000000002, "z": 1.4000000000000001, "x": -1.6000000000000001}, "3": {"y": -0.54957786539031461, "z": 1.4000000000000001, "x": -1.6000000000000001}, "4": {"y": 0.90000000000000002, "z": 0.80000000000000004, "x": -0.19999999999999996}, "5": {"y": 0.90000000000000002, "z": 1.4000000000000001, "x": -0.19999999999999996}, "6": {"y": -0.54957786539031461, "z": 0.80000000000000004, "x": -0.19999999999999996}, "7": {"y": -0.54957786539031461, "z": 0.80000000000000004, "x": -1.6000000000000001}}, "dea": {}, "face": {"0": [7, 6, 1, 3], "1": [6, 4, 5, 1], "2": [4, 0, 2, 5], "3": [0, 7, 3, 2], "4": [7, 0, 4, 6], "5": [3, 1, 5, 2]}, "facedata": {"0": {}, "1": {}, "2": {}, "3": {}, "4": {}, "5": {}}, "attributes": {"name": null, "node": 1}, "dva": {"y": 0.0, "z": 0.0, "x": 0.0}, "edgedata": {}}}}, "2": {"block": {"dtype": "compas_assembly.datastructures/Block", "value": {"max_vertex": 7, "max_face": 5, "dfa": {}, "vertex": {"0": {"y": -0.72704075698935788, "z": 2.4000000000000004, "x": -0.93414400391073404}, "1": {"y": -0.72704075698935788, "z": 2.4000000000000004, "x": 0.19999999999999996}, "2": {"y": 0.50000000000000033, "z": 1.4000000000000001, "x": -0.93414400391073404}, "3": {"y": 0.50000000000000033, "z": 2.4000000000000004, "x": 0.19999999999999996}, "4": {"y": 0.50000000000000033, "z": 2.4000000000000004, "x": -0.93414400391073404}, "5": {"y": 0.50000000000000033, "z": 1.4000000000000001, "x": 0.19999999999999996}, "6": {"y": -0.72704075698935788, "z": 1.4000000000000001, "x": 0.19999999999999996}, "7": {"y": -0.72704075698935788, "z": 1.4000000000000001, "x": -0.93414400391073404}}, "dea": {}, "face": {"0": [7, 6, 1, 0], "1": [6, 5, 3, 1], "2": [5, 2, 4, 3], "3": [2, 7, 0, 4], "4": [7, 2, 5, 6], "5": [0, 1, 3, 4]}, "facedata": {"0": {}, "1": {}, "2": {}, "3": {}, "4": {}, "5": {}}, "attributes": {"name": null, "node": 2}, "dva": {"y": 0.0, "z": 0.0, "x": 0.0}, "edgedata": {}}}}, "0": {"block": {"dtype": "compas_assembly.datastructures/Block", "value": {"max_vertex": 7, "max_face": 5, "dfa": {}, "vertex": {"0": {"y": -1.2000000000000002, "z": 0.80000000000000004, "x": 0.20000000000000018}, "1": {"y": -1.2000000000000002, "z": 0.0, "x": -1.3999999999999999}, "2": {"y": -1.2000000000000002, "z": 0.80000000000000004, "x": -1.3999999999999999}, "3": {"y": 0.5, "z": 0.80000000000000004, "x": 0.20000000000000018}, "4": {"y": 0.5, "z": 0.80000000000000004, "x": -1.3999999999999999}, "5": {"y": -1.2000000000000002, "z": 0.0, "x": 0.20000000000000018}, "6": {"y": 0.5, "z": 0.0, "x": 0.20000000000000018}, "7": {"y": 0.5, "z": 0.0, "x": -1.3999999999999999}}, "dea": {}, "face": {"0": [1, 5, 0, 2], "1": [5, 6, 3, 0], "2": [6, 7, 4, 3], "3": [7, 1, 2, 4], "4": [1, 7, 6, 5], "5": [2, 0, 3, 4]}, "facedata": {"0": {}, "1": {}, "2": {}, "3": {}, "4": {}, "5": {}}, "attributes": {"name": null, "node": 0}, "dva": {"y": 0.0, "z": 0.0, "x": 0.0}, "edgedata": {}}}}}, "adjacency": {"1": {"2": null, "0": null}, "2": {"1": null}, "0": {"1": null}}, "max_node": 2, "dna": {"block": null}, "edge": {"1": {"2": {"interface": {"dtype": "compas_assembly.datastructures/Interface", "value": {"points": [[-0.19999999999999996, -0.54957786539031461, 1.4000000000000001], [-0.93414400391073404, -0.54957786539031461, 1.4000000000000001], [-0.93414400391073404, 0.50000000000000033, 1.4000000000000001], [-0.19999999999999996, 0.50000000000000033, 1.4000000000000001]], "size": 0.77054129651372727, "frame": {"dtype": "compas.geometry/Frame", "value": {"point": [-0.567072001955367, -0.02478893269515714, 1.4000000000000001], "yaxis": [0.0, 1.0, 0.0], "xaxis": [1.0, 0.0, 0.0]}}, "edge": [1, 2], "forces": null, "type": "face_face"}}}, "0": {"interface": {"dtype": "compas_assembly.datastructures/Interface", "value": {"points": [[-0.19999999999999996, -0.54957786539031461, 0.80000000000000016], [-0.19999999999999996, 0.5, 0.80000000000000016], [-1.3999999999999999, 0.5, 0.80000000000000016], [-1.3999999999999999, -0.54957786539031461, 0.80000000000000016]], "size": 1.2594934384683776, "frame": {"dtype": "compas.geometry/Frame", "value": {"point": [-0.79999999999999993, -0.024788932695157306, 0.80000000000000016], "yaxis": [1.0, -0.0, 0.0], "xaxis": [0.0, 1.0, 0.0]}}, "edge": [1, 0], "forces": null, "type": "face_face"}}}}, "2": {}, "0": {}}, "attributes": {"name": "Graph"}, "dea": {"interface": null}}, "attributes": {"name": "Assembly"}}