{"attributes": {"name": "Assembly"}, "graph": {"attributes": {"name": "Graph"}, "dna": {"block": null, "displacement": [0, 0, 0, 0, 0, 0]}, "dea": {"interface": null, "interfaces": []}, "node": {"1": {"block": {"dtype": "compas_assembly.datastructures/Block", "value": {"attributes": {"name": null, "node": 1}, "dva": {"x": 0.0, "y": 0.0, "z": 0.0}, "dea": {}, "dfa": {}, "vertex": {"0": {"y": 0.9, "z": 0.8, "x": -1.6}, "1": {"y": -0.5495778653903146, "z": 1.4000000000000001, "x": -0.19999999999999996}, "2": {"y": 0.9, "z": 1.4000000000000001, "x": -1.6}, "3": {"y": -0.5495778653903146, "z": 1.4000000000000001, "x": -1.6}, "4": {"y": 0.9, "z": 0.8, "x": -0.19999999999999996}, "5": {"y": 0.9, "z": 1.4000000000000001, "x": -0.19999999999999996}, "6": {"y": -0.5495778653903146, "z": 0.8, "x": -0.19999999999999996}, "7": {"y": -0.5495778653903146, "z": 0.8, "x": -1.6}}, "face": {"0": [7, 6, 1, 3], "1": [6, 4, 5, 1], "2": [4, 0, 2, 5], "3": [0, 7, 3, 2], "4": [7, 0, 4, 6], "5": [3, 1, 5, 2]}, "facedata": {"0": {}, "1": {}, "2": {}, "3": {}, "4": {}, "5": {}}, "edgedata": {}, "max_vertex": 7, "max_face": 5}, "guid": "cdcf1235-2096-4b84-a9bf-579c6adbde3b"}, "displacement": [-4.485956565346629e-10, -1.937933229383477e-10, -0.00010000680436559779, 5.724773288756402e-10, -1.873789009641989e-09, -5.206348909221938e-12]}, "2": {"block": {"dtype": "compas_assembly.datastructures/Block", "value": {"attributes": {"name": null, "node": 2}, "dva": {"x": 0.0, "y": 0.0, "z": 0.0}, "dea": {}, "dfa": {}, "vertex": {"0": {"y": -0.7270407569893579, "z": 2.4000000000000004, "x": -0.934144003910734}, "1": {"y": -0.7270407569893579, "z": 2.4000000000000004, "x": 0.19999999999999996}, "2": {"y": 0.5000000000000003, "z": 1.4000000000000001, "x": -0.934144003910734}, "3": {"y": 0.5000000000000003, "z": 2.4000000000000004, "x": 0.19999999999999996}, "4": {"y": 0.5000000000000003, "z": 2.4000000000000004, "x": -0.934144003910734}, "5": {"y": 0.5000000000000003, "z": 1.4000000000000001, "x": 0.19999999999999996}, "6": {"y": -0.7270407569893579, "z": 1.4000000000000001, "x": 0.19999999999999996}, "7": {"y": -0.7270407569893579, "z": 1.4000000000000001, "x": -0.934144003910734}}, "face": {"0": [7, 6, 1, 0], "1": [6, 5, 3, 1], "2": [5, 2, 4, 3], "3": [2, 7, 0, 4], "4": [7, 2, 5, 6], "5": [0, 1, 3, 4]}, "facedata": {"0": {}, "1": {}, "2": {}, "3": {}, "4": {}, "5": {}}, "edgedata": {}, "max_vertex": 7, "max_face": 5}, "guid": "93ee56dd-4cc8-43bc-819b-4922861f963d"}, "displacement": [-2.763391950614911e-09, -5.144585611708743e-10, -0.0002000136128484368, 2.4533054629738096e-10, -3.7163109398663864e-09, 4.937841113835079e-12]}, "0": {"block": {"dtype": "compas_assembly.datastructures/Block", "value": {"attributes": {"name": null, "node": 0}, "dva": {"x": 0.0, "y": 0.0, "z": 0.0}, "dea": {}, "dfa": {}, "vertex": {"0": {"y": -1.2000000000000002, "z": 0.8, "x": 0.20000000000000018}, "1": {"y": -1.2000000000000002, "z": 0.0, "x": -1.4}, "2": {"y": -1.2000000000000002, "z": 0.8, "x": -1.4}, "3": {"y": 0.5, "z": 0.8, "x": 0.20000000000000018}, "4": {"y": 0.5, "z": 0.8, "x": -1.4}, "5": {"y": -1.2000000000000002, "z": 0.0, "x": 0.20000000000000018}, "6": {"y": 0.5, "z": 0.0, "x": 0.20000000000000018}, "7": {"y": 0.5, "z": 0.0, "x": -1.4}}, "face": {"0": [1, 5, 0, 2], "1": [5, 6, 3, 0], "2": [6, 7, 4, 3], "3": [7, 1, 2, 4], "4": [1, 7, 6, 5], "5": [2, 0, 3, 4]}, "facedata": {"0": {}, "1": {}, "2": {}, "3": {}, "4": {}, "5": {}}, "edgedata": {}, "max_vertex": 7, "max_face": 5}, "guid": "f29352ba-a903-42b9-ab87-4bc9c45308e2"}, "is_support": true}}, "edge": {"1": {"2": {"interface": {"dtype": "compas_assembly.datastructures/Interface", "value": {"edge": [1, 2], "points": [[-0.19999999999999996, -0.5495778653903146, 1.4000000000000001], [-0.934144003910734, -0.5495778653903146, 1.4000000000000001], [-0.934144003910734, 0.5000000000000003, 1.4000000000000001], [-0.19999999999999996, 0.5000000000000003, 1.4000000000000001]], "type": "face_face", "size": 0.7705412965137273, "frame": {"dtype": "compas.geometry/Frame", "value": {"point": [-0.567072001955367, -0.02478893269515714, 1.4000000000000001], "xaxis": [1.0, 0.0, 0.0], "yaxis": [0.0, 1.0, 0.0]}, "guid": "f7f40a37-345b-4b6f-87f1-a9473a58bfac"}, "forces": [{"c_np": 0.5963209716594466, "c_nn": 0, "c_u": -5.489391536262243e-13, "c_v": 1.0147765789759695e-13}, {"c_np": 0.21714898644285288, "c_nn": 0, "c_u": -5.489392132105926e-13, "c_v": 1.417620052581011e-13}, {"c_np": 0.09955214137167011, "c_nn": 0, "c_u": -4.913461841117935e-13, "c_v": 1.4176199382300574e-13}, {"c_np": 0.4786188176177018, "c_nn": 0, "c_u": -4.913461571266482e-13, "c_v": 1.014776551570268e-13}]}, "guid": "eaa0a121-143a-4ed0-8c13-afbca7ea1b32"}}, "0": {"interface": {"dtype": "compas_assembly.datastructures/Interface", "value": {"edge": [1, 0], "points": [[-0.19999999999999996, -0.5495778653903146, 0.8000000000000002], [-0.19999999999999996, 0.5, 0.8000000000000002], [-1.4, 0.5, 0.8000000000000002], [-1.4, -0.5495778653903146, 0.8000000000000002]], "type": "face_face", "size": 1.2594934384683776, "frame": {"dtype": "compas.geometry/Frame", "value": {"point": [-0.7999999999999999, -0.024788932695157306, 0.8000000000000002], "xaxis": [0.0, 1.0, 0.0], "yaxis": [1.0, -0.0, 0.0]}, "guid": "0fe7a01c-e2b9-4524-9600-02f7711d4a82"}, "forces": [{"c_np": 0.7954318514261797, "c_nn": 0, "c_u": -1.2303533060105778e-13, "c_v": 5.397935512511148e-13}, {"c_np": 0.9098077902058372, "c_nn": 0, "c_u": -1.2303533000266834e-13, "c_v": 5.610311147447118e-13}, {"c_np": 0.5092116127048681, "c_nn": 0, "c_u": -9.87540662548391e-14, "c_v": 5.610311265845717e-13}, {"c_np": 0.3948350696818691, "c_nn": 0, "c_u": -9.875406602515413e-14, "c_v": 5.397935589003724e-13}]}, "guid": "db65603f-9309-4196-8f66-00e9a07d388a"}}}, "2": {}, "0": {}}, "adjacency": {"1": {"2": null, "0": null}, "2": {"1": null}, "0": {"1": null}}, "max_node": 2}}