{"dtype": "compas_assembly.datastructures/Assembly", "value": {"attributes": {"name": "Assembly"}, "graph": {"attributes": {"name": "Graph"}, "dna": {"block": null, "is_support": false, "section": null, "mesh_size": null}, "dea": {"interfaces": null}, "node": {"1": {"block": {"dtype": "compas_assembly.datastructures/Block", "value": {"attributes": {"name": null, "node": null}, "dva": {"x": 0.0, "y": 0.0, "z": 0.0}, "dea": {}, "dfa": {}, "vertex": {"0": {"y": -1.5, "z": 1.7999999523162842, "x": 1.399999976158142}, "1": {"y": -1.5, "z": 0.5, "x": -0.2318110466003418}, "2": {"y": -1.5, "z": 0.5, "x": 1.399999976158142}, "3": {"y": 0.20000000298023224, "z": 0.5, "x": 1.399999976158142}, "4": {"y": 0.20000000298023224, "z": 0.5, "x": -0.2318110466003418}, "5": {"y": -1.5, "z": 1.7999999523162842, "x": -0.2318110466003418}, "6": {"y": 0.20000000298023224, "z": 1.7999999523162842, "x": 1.399999976158142}, "7": {"y": 0.20000000298023224, "z": 1.7999999523162842, "x": -0.2318110466003418}}, "face": {"0": [1, 2, 0, 5], "1": [2, 3, 6, 0], "2": [3, 4, 7, 6], "3": [4, 1, 5, 7], "4": [6, 7, 5, 0], "5": [1, 4, 3, 2]}, "facedata": {"0": {}, "1": {}, "2": {}, "3": {}, "4": {}, "5": {}}, "edgedata": {}, "max_vertex": 7, "max_face": 5}, "guid": "20453512-cc1e-4be1-9ec9-48c5b2cf5560"}}, "2": {"block": {"dtype": "compas_assembly.datastructures/Block", "value": {"attributes": {"name": null, "node": null}, "dva": {"x": 0.0, "y": 0.0, "z": 0.0}, "dea": {}, "dfa": {}, "vertex": {"0": {"y": -0.7146064639091492, "z": 3.0999999046325684, "x": 0.7699354290962219}, "1": {"y": -0.7146064639091492, "z": 1.7999999523162842, "x": -0.861875593662262}, "2": {"y": -0.7146064639091492, "z": 1.7999999523162842, "x": 0.7699354290962219}, "3": {"y": 0.6947143077850342, "z": 1.7999999523162842, "x": 0.7699354290962219}, "4": {"y": 0.6947143077850342, "z": 1.7999999523162842, "x": -0.861875593662262}, "5": {"y": -0.7146064639091492, "z": 3.0999999046325684, "x": -0.861875593662262}, "6": {"y": 0.6947143077850342, "z": 3.0999999046325684, "x": 0.7699354290962219}, "7": {"y": 0.6947143077850342, "z": 3.0999999046325684, "x": -0.861875593662262}}, "face": {"0": [1, 2, 0, 5], "1": [2, 3, 6, 0], "2": [3, 4, 7, 6], "3": [4, 1, 5, 7], "4": [6, 7, 5, 0], "5": [1, 4, 3, 2]}, "facedata": {"0": {}, "1": {}, "2": {}, "3": {}, "4": {}, "5": {}}, "edgedata": {}, "max_vertex": 7, "max_face": 5}, "guid": "629c6d61-b3a5-4c8d-b25c-13712e4e9140"}}, "0": {"block": {"dtype": "compas_assembly.datastructures/Block", "value": {"attributes": {"name": null, "node": null}, "dva": {"x": 0.0, "y": 0.0, "z": 0.0}, "dea": {}, "dfa": {}, "vertex": {"0": {"y": -0.8999999761581421, "z": 0.5, "x": 0.699999988079071}, "1": {"y": 0.20000000298023224, "z": 0.0, "x": -0.699999988079071}, "2": {"y": -0.8999999761581421, "z": 0.0, "x": -0.699999988079071}, "3": {"y": -0.8999999761581421, "z": 0.0, "x": 0.699999988079071}, "4": {"y": 0.20000000298023224, "z": 0.0, "x": 0.699999988079071}, "5": {"y": -0.8999999761581421, "z": 0.5, "x": -0.699999988079071}, "6": {"y": 0.20000000298023224, "z": 0.5, "x": 0.699999988079071}, "7": {"y": 0.20000000298023224, "z": 0.5, "x": -0.699999988079071}}, "face": {"0": [2, 3, 0, 5], "1": [3, 4, 6, 0], "2": [4, 1, 7, 6], "3": [1, 2, 5, 7], "4": [6, 7, 5, 0], "5": [2, 1, 4, 3]}, "facedata": {"0": {}, "1": {}, "2": {}, "3": {}, "4": {}, "5": {}}, "edgedata": {}, "max_vertex": 7, "max_face": 5}, "guid": "086b35ee-05bc-42b2-9fae-032a6802a87f"}}}, "edge": {"1": {}, "2": {}, "0": {}}, "adjacency": {"1": {}, "2": {}, "0": {}}, "max_node": 2}}, "guid": "9f7186fd-12e7-490f-8c1f-20978a259b74"}