{"data": {"node": {"1": {"y": -0.64999999850988388, "z": 1.1499999761581421, "x": 0.58409446477890015, "block": {"dtype": "compas_assembly.datastructures/Block", "value": {"data": {"max_face": 5, "attributes": {"name": null}, "edgedata": {}, "facedata": {"0": {}, "1": {}, "2": {}, "3": {}, "4": {}, "5": {}}, "face": {"0": [1, 2, 0, 5], "1": [2, 3, 6, 0], "2": [3, 4, 7, 6], "3": [4, 1, 5, 7], "4": [6, 7, 5, 0], "5": [1, 4, 3, 2]}, "dea": {}, "max_vertex": 7, "dfa": {}, "vertex": {"0": {"y": -1.5, "z": 1.7999999523162842, "x": 1.3999999761581421}, "1": {"y": -1.5, "z": 0.5, "x": -0.2318110466003418}, "2": {"y": -1.5, "z": 0.5, "x": 1.3999999761581421}, "3": {"y": 0.20000000298023224, "z": 0.5, "x": 1.3999999761581421}, "4": {"y": 0.20000000298023224, "z": 0.5, "x": -0.2318110466003418}, "5": {"y": -1.5, "z": 1.7999999523162842, "x": -0.2318110466003418}, "6": {"y": 0.20000000298023224, "z": 1.7999999523162842, "x": 1.3999999761581421}, "7": {"y": 0.20000000298023224, "z": 1.7999999523162842, "x": -0.2318110466003418}}, "dva": {"y": 0.0, "z": 0.0, "x": 0.0}}, "datatype": "compas_assembly.datastructures/Block", "compas": "1.6.3"}}}, "2": {"y": -0.0099460780620574951, "z": 2.4499999284744263, "x": -0.04597008228302002, "block": {"dtype": "compas_assembly.datastructures/Block", "value": {"data": {"max_face": 5, "attributes": {"name": null}, "edgedata": {}, "facedata": {"0": {}, "1": {}, "2": {}, "3": {}, "4": {}, "5": {}}, "face": {"0": [1, 2, 0, 5], "1": [2, 3, 6, 0], "2": [3, 4, 7, 6], "3": [4, 1, 5, 7], "4": [6, 7, 5, 0], "5": [1, 4, 3, 2]}, "dea": {}, "max_vertex": 7, "dfa": {}, "vertex": {"0": {"y": -0.71460646390914917, "z": 3.0999999046325684, "x": 0.76993542909622192}, "1": {"y": -0.71460646390914917, "z": 1.7999999523162842, "x": -0.86187559366226196}, "2": {"y": -0.71460646390914917, "z": 1.7999999523162842, "x": 0.76993542909622192}, "3": {"y": 0.69471430778503418, "z": 1.7999999523162842, "x": 0.76993542909622192}, "4": {"y": 0.69471430778503418, "z": 1.7999999523162842, "x": -0.86187559366226196}, "5": {"y": -0.71460646390914917, "z": 3.0999999046325684, "x": -0.86187559366226196}, "6": {"y": 0.69471430778503418, "z": 3.0999999046325684, "x": 0.76993542909622192}, "7": {"y": 0.69471430778503418, "z": 3.0999999046325684, "x": -0.86187559366226196}}, "dva": {"y": 0.0, "z": 0.0, "x": 0.0}}, "datatype": "compas_assembly.datastructures/Block", "compas": "1.6.3"}}}, "0": {"y": -0.34999998658895493, "z": 0.25, "x": 0.0, "block": {"dtype": "compas_assembly.datastructures/Block", "value": {"data": {"max_face": 5, "attributes": {"name": null}, "edgedata": {}, "facedata": {"0": {}, "1": {}, "2": {}, "3": {}, "4": {}, "5": {}}, "face": {"0": [2, 3, 0, 5], "1": [3, 4, 6, 0], "2": [4, 1, 7, 6], "3": [1, 2, 5, 7], "4": [6, 7, 5, 0], "5": [2, 1, 4, 3]}, "dea": {}, "max_vertex": 7, "dfa": {}, "vertex": {"0": {"y": -0.89999997615814209, "z": 0.5, "x": 0.69999998807907104}, "1": {"y": 0.20000000298023224, "z": 0.0, "x": -0.69999998807907104}, "2": {"y": -0.89999997615814209, "z": 0.0, "x": -0.69999998807907104}, "3": {"y": -0.89999997615814209, "z": 0.0, "x": 0.69999998807907104}, "4": {"y": 0.20000000298023224, "z": 0.0, "x": 0.69999998807907104}, "5": {"y": -0.89999997615814209, "z": 0.5, "x": -0.69999998807907104}, "6": {"y": 0.20000000298023224, "z": 0.5, "x": 0.69999998807907104}, "7": {"y": 0.20000000298023224, "z": 0.5, "x": -0.69999998807907104}}, "dva": {"y": 0.0, "z": 0.0, "x": 0.0}}, "datatype": "compas_assembly.datastructures/Block", "compas": "1.6.3"}}}}, "adjacency": {"1": {}, "2": {}, "0": {}}, "max_int_key": 2, "edge": {"1": {}, "2": {}, "0": {}}, "edge_attributes": {"interface": null}, "node_attributes": {"y": 0.0, "z": 0.0, "x": 0.0, "block": null}, "attributes": {"name": "Network"}}, "datatype": "compas_assembly.datastructures/Assembly", "compas": "1.6.3"}