{"dtype": "compas_assembly.datastructures/Assembly", "value": {"attributes": {"name": "Assembly"}, "graph": {"attributes": {"name": "Graph"}, "dna": {"block": null, "is_support": false, "section": null, "mesh_size": null}, "dea": {"interfaces": null}, "node": {"7": {"block": {"dtype": "compas_assembly.datastructures/Block", "value": {"attributes": {"name": null, "node": null}, "dva": {"x": 0.0, "y": 0.0, "z": 0.0}, "dea": {}, "dfa": {}, "vertex": {"0": {"y": 0.0, "z": -0.023659327998757362, "x": 0.3194025456905365}, "1": {"y": 0.20000000298023224, "z": -0.023659327998757362, "x": 0.3194025456905365}, "2": {"y": 0.0, "z": -0.11933368444442749, "x": 0.232697531580925}, "3": {"y": 0.20000000298023224, "z": -0.11933368444442749, "x": 0.232697531580925}, "4": {"y": 0.0, "z": 0.5109679698944092, "x": -0.29348012804985046}, "5": {"y": 0.20000000298023224, "z": 0.5109679698944092, "x": -0.29348012804985046}, "6": {"y": 0.0, "z": 0.47638726234436035, "x": -0.31729358434677124}, "7": {"y": 0.20000000298023224, "z": 0.47638726234436035, "x": -0.31729358434677124}}, "face": {"0": [6, 2, 0, 4], "1": [7, 5, 1, 3], "2": [0, 1, 5, 4], "3": [2, 3, 1, 0], "4": [4, 5, 7, 6], "5": [6, 7, 3, 2]}, "facedata": {"0": {}, "1": {}, "2": {}, "3": {}, "4": {}, "5": {}}, "edgedata": {}, "max_vertex": 7, "max_face": 5}, "guid": "62036ee3-0c4d-41a4-80ba-337d3826dad7"}}, "3": {"block": {"dtype": "compas_assembly.datastructures/Block", "value": {"attributes": {"name": null, "node": null}, "dva": {"x": 0.0, "y": 0.0, "z": 0.0}, "dea": {}, "dfa": {}, "vertex": {"0": {"y": 0.0, "z": -0.31684044003486633, "x": 0.37335020303726196}, "1": {"y": 0.20000000298023224, "z": -0.31684044003486633, "x": 0.37335020303726196}, "2": {"y": 0.0, "z": -0.4333975911140442, "x": 0.24232976138591766}, "3": {"y": 0.20000000298023224, "z": -0.4333975911140442, "x": 0.24232976138591766}, "4": {"y": 0.0, "z": -0.15774419903755188, "x": -0.1975245326757431}, "5": {"y": 0.20000000298023224, "z": -0.15774419903755188, "x": -0.1975245475769043}, "6": {"y": 0.0, "z": -0.2760029137134552, "x": -0.26048240065574646}, "7": {"y": 0.20000000298023224, "z": -0.2760029137134552, "x": -0.26048240065574646}}, "face": {"0": [3, 7, 5, 1], "1": [4, 0, 1, 5], "2": [6, 4, 5, 7], "3": [0, 2, 3, 1], "4": [2, 6, 7, 3], "5": [2, 0, 4, 6]}, "facedata": {"0": {}, "1": {}, "2": {}, "3": {}, "4": {}, "5": {}}, "edgedata": {}, "max_vertex": 7, "max_face": 5}, "guid": "6f99bdcb-7fb7-4daa-b208-cc772a458469"}}, "5": {"block": {"dtype": "compas_assembly.datastructures/Block", "value": {"attributes": {"name": null, "node": null}, "dva": {"x": 0.0, "y": 0.0, "z": 0.0}, "dea": {}, "dfa": {}, "vertex": {"0": {"y": 0.0, "z": 0.6045564413070679, "x": 0.8887240290641785}, "1": {"y": 0.0, "z": 0.5356431603431702, "x": 0.8887240290641785}, "2": {"y": 0.20000000298023224, "z": 0.6045564413070679, "x": 0.888724148273468}, "3": {"y": 0.20000000298023224, "z": 0.5356431603431702, "x": 0.888724148273468}, "4": {"y": 0.0, "z": -0.2852736711502075, "x": 0.2600812017917633}, "5": {"y": 0.20000000298023224, "z": -0.2852736711502075, "x": 0.2600812017917633}, "6": {"y": 0.0, "z": -0.24572141468524933, "x": 0.11815844476222992}, "7": {"y": 0.20000000298023224, "z": -0.24572141468524933, "x": 0.11815844476222992}}, "face": {"0": [2, 3, 5, 7], "1": [6, 0, 2, 7], "2": [4, 6, 7, 5], "3": [0, 1, 3, 2], "4": [1, 4, 5, 3], "5": [0, 6, 4, 1]}, "facedata": {"0": {}, "1": {}, "2": {}, "3": {}, "4": {}, "5": {}}, "edgedata": {}, "max_vertex": 7, "max_face": 5}, "guid": "750f3ffc-d688-4258-aaba-55d816c01b33"}}, "0": {"block": {"dtype": "compas_assembly.datastructures/Block", "value": {"attributes": {"name": null, "node": null}, "dva": {"x": 0.0, "y": 0.0, "z": 0.0}, "dea": {}, "dfa": {}, "vertex": {"0": {"y": 0.0, "z": 1.0, "x": 1.0204081535339355}, "1": {"y": 0.0, "z": -1.0, "x": 1.0204081535339355}, "2": {"y": 0.20000000298023224, "z": 1.0, "x": 1.020408272743225}, "3": {"y": 0.20000000298023224, "z": -1.0, "x": 1.020408272743225}, "4": {"y": 0.0, "z": 0.8727532625198364, "x": 0.8887240290641785}, "5": {"y": 0.0, "z": -0.8734501600265503, "x": 0.8887240290641785}, "6": {"y": 0.20000000298023224, "z": 0.8727532625198364, "x": 0.888724148273468}, "7": {"y": 0.20000000298023224, "z": -0.8734501600265503, "x": 0.888724148273468}, "8": {"y": 0.0, "z": 0.8727532625198364, "x": -0.8688818216323853}, "9": {"y": 0.0, "z": -0.8734501600265503, "x": -0.8688818216323853}, "10": {"y": 0.20000000298023224, "z": 0.8727532625198364, "x": -0.8688818216323853}, "11": {"y": 0.20000000298023224, "z": -0.8734501600265503, "x": -0.8688818216323853}, "12": {"y": 0.0, "z": 1.0, "x": -1.0}, "13": {"y": 0.0, "z": -1.0, "x": -1.0}, "14": {"y": 0.20000000298023224, "z": 1.0, "x": -1.0}, "15": {"y": 0.20000000298023224, "z": -1.0, "x": -1.0}}, "face": {"0": [9, 8, 12, 13], "1": [5, 9, 13, 1], "2": [8, 4, 0, 12], "3": [4, 5, 1, 0], "4": [11, 15, 14, 10], "5": [7, 3, 15, 11], "6": [10, 14, 2, 6], "7": [6, 2, 3, 7], "8": [12, 14, 15, 13], "9": [13, 15, 3, 1], "10": [0, 2, 14, 12], "11": [1, 3, 2, 0], "12": [9, 11, 10, 8], "13": [5, 7, 11, 9], "14": [8, 10, 6, 4], "15": [4, 6, 7, 5]}, "facedata": {"0": {}, "1": {}, "2": {}, "3": {}, "4": {}, "5": {}, "6": {}, "7": {}, "8": {}, "9": {}, "10": {}, "11": {}, "12": {}, "13": {}, "14": {}, "15": {}}, "edgedata": {}, "max_vertex": 15, "max_face": 15}, "guid": "429bf236-9c7a-4c1a-9b98-969e02897a6f"}}, "4": {"block": {"dtype": "compas_assembly.datastructures/Block", "value": {"attributes": {"name": null, "node": null}, "dva": {"x": 0.0, "y": 0.0, "z": 0.0}, "dea": {}, "dfa": {}, "vertex": {"0": {"y": 0.0, "z": -0.15774419903755188, "x": -0.1975245326757431}, "1": {"y": 0.20000000298023224, "z": -0.15774419903755188, "x": -0.1975245475769043}, "2": {"y": 0.0, "z": -0.2760029137134552, "x": -0.26048240065574646}, "3": {"y": 0.20000000298023224, "z": -0.2760029137134552, "x": -0.26048240065574646}, "4": {"y": 0.0, "z": -0.2862122654914856, "x": -0.8688818216323853}, "5": {"y": 0.0, "z": -0.36533501744270325, "x": -0.8688818216323853}, "6": {"y": 0.20000000298023224, "z": -0.2862122654914856, "x": -0.8688818216323853}, "7": {"y": 0.20000000298023224, "z": -0.36533501744270325, "x": -0.8688818216323853}}, "face": {"0": [5, 2, 0, 4], "1": [7, 6, 1, 3], "2": [0, 1, 6, 4], "3": [2, 3, 1, 0], "4": [4, 6, 7, 5], "5": [5, 7, 3, 2]}, "facedata": {"0": {}, "1": {}, "2": {}, "3": {}, "4": {}, "5": {}}, "edgedata": {}, "max_vertex": 7, "max_face": 5}, "guid": "7cb87e51-8be3-439c-aba4-87cc73f71917"}}, "2": {"block": {"dtype": "compas_assembly.datastructures/Block", "value": {"attributes": {"name": null, "node": null}, "dva": {"x": 0.0, "y": 0.0, "z": 0.0}, "dea": {}, "dfa": {}, "vertex": {"0": {"y": 0.0, "z": -0.3092343807220459, "x": -0.48680657148361206}, "1": {"y": 0.20000000298023224, "z": -0.3092343807220459, "x": -0.48680657148361206}, "2": {"y": 0.0, "z": -0.3290513753890991, "x": -0.6217708587646484}, "3": {"y": 0.20000000298023224, "z": -0.3290513753890991, "x": -0.6217708587646484}, "4": {"y": 0.0, "z": -0.8734501600265503, "x": -0.6943812370300293}, "5": {"y": 0.20000000298023224, "z": -0.8734501600265503, "x": -0.6943812370300293}, "6": {"y": 0.0, "z": -0.8734501600265503, "x": -0.7445773482322693}, "7": {"y": 0.20000000298023224, "z": -0.8734501600265503, "x": -0.7445773482322693}}, "face": {"0": [1, 5, 7, 3], "1": [2, 0, 1, 3], "2": [6, 2, 3, 7], "3": [0, 4, 5, 1], "4": [4, 6, 7, 5], "5": [0, 2, 6, 4]}, "facedata": {"0": {}, "1": {}, "2": {}, "3": {}, "4": {}, "5": {}}, "edgedata": {}, "max_vertex": 7, "max_face": 5}, "guid": "5e116b28-007c-45a3-90c9-c98b82ed4f5f"}}, "1": {"block": {"dtype": "compas_assembly.datastructures/Block", "value": {"attributes": {"name": null, "node": null}, "dva": {"x": 0.0, "y": 0.0, "z": 0.0}, "dea": {}, "dfa": {}, "vertex": {"0": {"y": 0.0, "z": -0.6614071130752563, "x": 0.8887240290641785}, "1": {"y": 0.0, "z": -0.8734501600265503, "x": 0.8887240290641785}, "2": {"y": 0.20000000298023224, "z": -0.6614071130752563,