{"dtype": "compas_assembly.datastructures/Assembly", "value": {"attributes": {"name": "Assembly"}, "graph": {"attributes": {"name": "Graph"}, "dna": {"block": null, "is_support": false, "section": null, "mesh_size": null}, "dea": {"interfaces": null}, "node": {"9": {"block": {"dtype": "compas_assembly.datastructures/Block", "value": {"attributes": {"name": null, "node": null}, "dva": {"x": 0.0, "y": 0.0, "z": 0.0}, "dea": {}, "dfa": {}, "vertex": {"0": {"y": 0.20000000298023224, "z": 0.8727532625198364, "x": -0.044342290610075}, "1": {"y": 0.0, "z": 0.8727532625198364, "x": -0.04434240981936455}, "2": {"y": 0.20000000298023224, "z": 0.8727532625198364, "x": -0.0792243555188179}, "3": {"y": 0.0, "z": 0.8727532625198364, "x": -0.07922447472810745}, "4": {"y": 0.20000000298023224, "z": 0.14918266236782074, "x": -0.5426177382469177}, "5": {"y": 0.0, "z": 0.14918266236782074, "x": -0.5426178574562073}, "6": {"y": 0.20000000298023224, "z": 0.23563583195209503, "x": -0.6123794913291931}, "7": {"y": 0.0, "z": 0.23563583195209503, "x": -0.6123796105384827}}, "face": {"0": [5, 4, 0, 1], "1": [7, 6, 4, 5], "2": [3, 2, 6, 7], "3": [1, 0, 2, 3], "4": [2, 4, 6], "5": [4, 2, 0], "6": [3, 7, 5], "7": [5, 1, 3]}, "facedata": {"0": {}, "1": {}, "2": {}, "3": {}, "4": {}, "5": {}, "6": {}, "7": {}}, "edgedata": {}, "max_vertex": 7, "max_face": 7}, "guid": "f665326e-4dbd-46bf-8872-9c4a56641a71"}}, "7": {"block": {"dtype": "compas_assembly.datastructures/Block", "value": {"attributes": {"name": null, "node": null}, "dva": {"x": 0.0, "y": 0.0, "z": 0.0}, "dea": {}, "dfa": {}, "vertex": {"0": {"y": 0.20000000298023224, "z": -0.17389333248138428, "x": -0.28191763162612915}, "1": {"y": 0.0, "z": -0.17389333248138428, "x": -0.2819177508354187}, "2": {"y": 0.20000000298023224, "z": -0.199832946062088, "x": -0.4174747169017792}, "3": {"y": 0.0, "z": -0.199832946062088, "x": -0.4174748361110687}, "4": {"y": 0.20000000298023224, "z": 0.5535095930099487, "x": -0.8688817024230957}, "5": {"y": 0.20000000298023224, "z": 0.45992356538772583, "x": -0.8688817024230957}, "6": {"y": 0.0, "z": 0.5535095930099487, "x": -0.8688818216323853}, "7": {"y": 0.0, "z": 0.45992356538772583, "x": -0.8688818216323853}}, "face": {"0": [3, 2, 0, 1], "1": [7, 5, 2, 3], "2": [6, 4, 5, 7], "3": [1, 0, 4, 6], "4": [0, 5, 4], "5": [5, 0, 2], "6": [1, 6, 7], "7": [7, 3, 1]}, "facedata": {"0": {}, "1": {}, "2": {}, "3": {}, "4": {}, "5": {}, "6": {}, "7": {}}, "edgedata": {}, "max_vertex": 7, "max_face": 7}, "guid": "d2c11224-3f91-46ee-8d5d-93f3916f3121"}}, "12": {"block": {"dtype": "compas_assembly.datastructures/Block", "value": {"attributes": {"name": null, "node": null}, "dva": {"x": 0.0, "y": 0.0, "z": 0.0}, "dea": {}, "dfa": {}, "vertex": {"0": {"y": 0.20000000298023224, "z": 0.5035465955734253, "x": 0.44662147760391235}, "1": {"y": 0.0, "z": 0.5035465955734253, "x": 0.4466213583946228}, "2": {"y": 0.20000000298023224, "z": 0.5459621548652649, "x": 0.4391860365867615}, "3": {"y": 0.0, "z": 0.5459621548652649, "x": 0.4391859173774719}, "4": {"y": 0.20000000298023224, "z": 0.2436543107032776, "x": 0.012961325235664845}, "5": {"y": 0.0, "z": 0.2436543107032776, "x": 0.012961206026375294}, "6": {"y": 0.20000000298023224, "z": 0.2817404270172119, "x": -0.0306995939463377}, "7": {"y": 0.0, "z": 0.2817404270172119, "x": -0.03069971315562725}}, "face": {"0": [7, 3, 2, 6], "1": [5, 7, 6, 4], "2": [1, 5, 4, 0], "3": [3, 1, 0, 2], "4": [6, 2, 0], "5": [0, 4, 6], "6": [1, 7, 5], "7": [7, 1, 3]}, "facedata": {"0": {}, "1": {}, "2": {}, "3": {}, "4": {}, "5": {}, "6": {}, "7": {}}, "edgedata": {}, "max_vertex": 7, "max_face": 7}, "guid": "482d2dc1-9fe9-4135-bf8d-58ef2f1c91e0"}}, "10": {"block": {"dtype": "compas_assembly.datastructures/Block", "value": {"attributes": {"name": null, "node": null}, "dva": {"x": 0.0, "y": 0.0, "z": 0.0}, "dea": {}, "dfa": {}, "vertex": {"0": {"y": 0.20000000298023224, "z": 0.2671591639518738, "x": 0.58295738697052}, "1": {"y": 0.0, "z": 0.2671591639518738, "x": 0.5829572677612305}, "2": {"y": 0.20000000298023224, "z": 0.17941752076148987, "x": 0.503441333770752}, "3": {"y": 0.0, "z": 0.17941752076148987, "x": 0.5034412145614624}, "4": {"y": 0.20000000298023224, "z": 0.8727532625198364, "x": 0.41933390498161316}, "5": {"y": 0.0, "z": 0.8727532625198364, "x": 0.4193337857723236}, "6": {"y": 0.20000000298023224, "z": 0.8727532625198364, "x": 0.38189950585365295}, "7": {"y": 0.0, "z": 0.8727532625198364, "x": 0.3818993866443634}}, "face": {"0": [7, 6, 2, 3], "1": [5, 4, 6, 7], "2": [1, 0, 4, 5], "3": [3, 2, 0, 1], "4": [2, 6, 4], "5": [4, 0, 2], "6": [3, 5, 7], "7": [5, 3, 1]}, "facedata": {"0": {}, "1": {}, "2": {}, "3": {}, "4": {}, "5": {}, "6": {}, "7": {}}, "edgedata": {}, "max_vertex": 7, "max_face": 7}, "guid": "9147a6cd-f5e1-4ec1-838f-b3ee8f67bf6c"}}, "3": {"block": {"dtype": "compas_assembly.datastructures/Block", "value": {"attributes": {"name": null, "node": null}, "dva": {"x": 0.0, "y": 0.0, "z": 0.0}, "dea": {}, "dfa": {}, "vertex": {"0": {"y": 0.20000000298023224, "z": -0.3092343807220459, "x": -0.4868064522743225}, "1": {"y": 0.0, "z": -0.3092343807220459, "x": -0.48680657148361206}, "2": {"y": 0.20000000298023224, "z": -0.3290513753890991, "x": -0.6217707395553589}, "3": {"y": 0.0, "z": -0.3290513753890991, "x": -0.6217708587646484}, "4": {"y": 0.20000000298023224, "z": -0.8734501600265503, "x": -0.6943811178207397}, "5": {"y": 0.0, "z": -0.8734501600265503, "x": -0.6943812370300293}, "6": {"y": 0.20000000298023224, "z": -0.8734501600265503, "x": -0.7445772290229797}, "7": {"y": 0.0, "z": -0.8734501600265503, "x": -0.7445773482322693}}, "face": {"0": [3, 2, 6, 7], "1": [1, 0, 2, 3], "2": [5, 4, 0, 1], "3": [7, 6, 4, 5], "4": [2, 4, 6], "5": [4, 2, 0], "6": [3, 7, 5], "7": [5, 1, 3]}, "facedata": {"0": {}, "1": {}, "2": {}, "3": {}, "4": {}, "5": {}, "6": {}, "7": {}}, "edgedata": {}, "max_vertex": 7, "max_face": 7}, "guid": "c7c9c76e-8141-42c3-90c0-7d0ff0656cff"}}, "5": {"block": {"dtype": "compas_assembly.datastructures/Block", "value": {"attributes": {"name": null, "node": null}, "dva": {"x": 0.0, "y": 0.0, "z": 0.0}, "dea": {}, "dfa": {}, "vertex": {"0": {"y": 0.20000000298023224, "z": -0.15774419903755188, "x": -0.19752441346645355}, "1": {"y": 0.0, "z": -0.15774419903755188, "x": -0.1975245326757431}, "2": {"y": 0.20000000298023224, "z": -0.2760029137134552, "x": -0.2604822814464569}, "3": {"y": 0.0, "z": -0.2760029137134552, "x": -0.26048240065574646}, "4": {"y": 0.20000000298023224, "z": -0.2862122654914856, "x": -0.8688817024230957}, "5": {"y": 0.20000000298023224, "z": -0.36533501744270325, "x": -0.8688817024230957}, "6": {"y": 0.0, "z": -0.2862122654914856, "x": -0.8688818216323853}, "7": {"y": 0.0, "z": -0.36533501744270325, "x": -0.8688818216323853}}, "face": {"0": [3, 2, 0, 1], "1": [7, 5, 2, 3], "2": [6, 4, 5, 7], "3": [1, 0, 4, 6], "4": [2, 5, 4], "5": [4, 0, 2], "6": [3, 6, 7], "7": [6, 3, 1]}, "facedata": {"0": {}, "1": {}, "2": {}, "3": {}, "4": {}, "5": {}, "6": {}, "7": {}}, "edgedata": {}, "max_vertex": 7, "max_face": 7}, "guid": "80c9ebc3-c521-4c0c-a2fa-89d1f311de52"}}, "0": {"block": {"dtype": "compas_assembly.datastructures/Block", "value": {"attributes": {"name": null, "node": null}, "dva": {"x": 0.0, "y": 0.0, "z": 0.0}, "dea": {}, "dfa": {}, "vertex": {"0": {"y": 0.20000000298023224, "z": 1.0, "x": 1.020408272743225}, "1": {"y": 0.20000000298023224, "z": -1.0, "x": 1.020408272743225}, "2": {"y": 0.0, "z": 1.0, "x": 1.0204081535339355}, "3": {"y": 0.0, "z": -1.0, "x": 1.0204081535339355}, "4": {"y": 0.20000000298023224, "z": 0.8727532625198364, "x": 0.888724148273468}, "5": {"y": 0.20000000298023224, "z": -0.8734501600265503, "x": 0.888724148273468}, "6": {"y": 0.0, "z": 0.8727532625198364, "x": 0.8887240290641785}, "7": {"y": 0.0, "z": -0.8734501600265503, "x": 0.8887240290641785}, "8": {"y": 0.20000000298023224, "z": 0.8727532625198364, "x": -0.8688817024230957}, "9": {"y": 0.20000000298023224, "z": -0.8734501600265503, "x": -0.8688817024230957},