{"dtype": "compas_cra.datastructures/CRA_Assembly", "data": {"graph": {"dtype": "compas.datastructures/Graph", "data": {"node": {"1": {"block": {"dtype": "compas_assembly.datastructures/Block", "data": {"max_vertex": 7, "max_face": 5, "default_face_attributes": {}, "vertex": {"0": {"y": 0.5, "z": 1.4614737033843994, "x": -0.19544827938079834}, "1": {"y": -0.5, "z": 1.4614737033843994, "x": -0.19544827938079834}, "2": {"y": 0.5, "z": 1.5614736080169678, "x": -0.3686533570289612}, "3": {"y": -0.5, "z": 1.5614736080169678, "x": -0.3686533570289612}, "4": {"y": 0.5, "z": -1.0499999523162842, "x": -1.6454483270645142}, "5": {"y": -0.5, "z": -1.0499999523162842, "x": -1.6454483270645142}, "6": {"y": 0.5, "z": -0.949999988079071, "x": -1.8186533451080322}, "7": {"y": -0.5, "z": -0.949999988079071, "x": -1.8186533451080322}}, "default_edge_attributes": {}, "face": {"0": [6, 4, 5, 7], "1": [4, 0, 1, 5], "2": [0, 2, 3, 1], "3": [2, 6, 7, 3], "4": [6, 2, 0, 4], "5": [1, 3, 7, 5]}, "facedata": {"0": {}, "1": {}, "2": {}, "3": {}, "4": {}, "5": {}}, "attributes": {"name": null, "node": null}, "default_vertex_attributes": {"y": 0.0, "z": 0.0, "x": 0.0}, "edgedata": {}}, "guid": "cd02ecff-e9c5-41fc-aa33-12e1371686a2"}}, "2": {"block": {"dtype": "compas_assembly.datastructures/Block", "data": {"max_vertex": 7, "max_face": 5, "default_face_attributes": {}, "vertex": {"0": {"y": 0.5, "z": -0.20000000298023224, "x": 1.154700517654419}, "1": {"y": -0.5, "z": -0.20000000298023224, "x": 1.154700517654419}, "2": {"y": 0.5, "z": 0.6000000238418579, "x": 0.6928203105926514}, "3": {"y": -0.5, "z": 0.6000000238418579, "x": 0.6928203105926514}, "4": {"y": 0.5, "z": 0.6000000238418579, "x": -0.6928203105926514}, "5": {"y": -0.5, "z": 0.6000000238418579, "x": -0.6928203105926514}, "6": {"y": 0.5, "z": -0.20000000298023224, "x": -1.154700517654419}, "7": {"y": -0.5, "z": -0.20000000298023224, "x": -1.154700517654419}}, "default_edge_attributes": {}, "face": {"0": [2, 4, 5, 3], "1": [4, 6, 7, 5], "2": [6, 0, 1, 7], "3": [0, 2, 3, 1], "4": [2, 0, 6, 4], "5": [7, 1, 3, 5]}, "facedata": {"0": {}, "1": {}, "2": {}, "3": {}, "4": {}, "5": {}}, "attributes": {"name": null, "node": null}, "default_vertex_attributes": {"y": 0.0, "z": 0.0, "x": 0.0}, "edgedata": {}}, "guid": "e2500a76-48c7-477d-a365-d1d621531ffc"}}, "0": {"block": {"dtype": "compas_assembly.datastructures/Block", "data": {"max_vertex": 7, "max_face": 5, "default_face_attributes": {}, "vertex": {"0": {"y": 0.5, "z": -0.949999988079071, "x": 1.8186533451080322}, "1": {"y": -0.5, "z": -0.949999988079071, "x": 1.8186533451080322}, "2": {"y": 0.5, "z": -1.0499999523162842, "x": 1.6454483270645142}, "3": {"y": -0.5, "z": -1.0499999523162842, "x": 1.6454483270645142}, "4": {"y": 0.5, "z": 1.5614736080169678, "x": 0.3686533570289612}, "5": {"y": -0.5, "z": 1.5614736080169678, "x": 0.3686533570289612}, "6": {"y": 0.5, "z": 1.4614737033843994, "x": 0.19544827938079834}, "7": {"y": -0.5, "z": 1.4614737033843994, "x": 0.19544827938079834}}, "default_edge_attributes": {}, "face": {"0": [2, 0, 1, 3], "1": [0, 4, 5, 1], "2": [4, 6, 7, 5], "3": [6, 2, 3, 7], "4": [2, 6, 4, 0], "5": [5, 7, 3, 1]}, "facedata": {"0": {}, "1": {}, "2": {}, "3": {}, "4": {}, "5": {}}, "attributes": {"name": null, "node": null}, "default_vertex_attributes": {"y": 0.0, "z": 0.0, "x": 0.0}, "edgedata": {}}, "guid": "6e944093-e539-4202-9944-d783070f9712"}}}, "adjacency": {"1": {}, "2": {}, "0": {}}, "max_node": 2, "default_node_attributes": {"section": null, "is_support": false, "displacement": [0, 0, 0, 0, 0, 0], "mesh_size": null, "block": null}, "edge": {"1": {}, "2": {}, "0": {}}, "attributes": {"name": "Graph"}, "default_edge_attributes": {"interfaces": [], "interface": null}}}, "attributes": {"name": "CRA_Assembly"}}, "guid": "1bc4d347-fadf-419f-baa3-0bf1856bbc7e"}