{"dtype": "compas_cra.datastructures/CRA_Assembly", "data": {"graph": {"dtype": "compas.datastructures/Graph", "data": {"node": {"1": {"block": {"dtype": "compas_assembly.datastructures/Block", "data": {"max_vertex": 19, "max_face": 23, "default_face_attributes": {}, "vertex": {"0": {"y": -0.30000001192092896, "z": 0.10000000149011612, "x": -0.800000011920929}, "1": {"y": -0.30000001192092896, "z": 0.0, "x": -0.800000011920929}, "2": {"y": 0.30000001192092896, "z": 0.10000000149011612, "x": -0.800000011920929}, "3": {"y": 0.30000001192092896, "z": 0.0, "x": -0.800000011920929}, "4": {"y": -0.5, "z": 0.20000000298023224, "x": -0.5}, "5": {"y": -0.5, "z": 0.10000000149011612, "x": -0.5}, "6": {"y": -0.30000001192092896, "z": 0.10000000149011612, "x": -0.5}, "7": {"y": 0.30000001192092896, "z": 0.10000000149011612, "x": -0.5}, "8": {"y": 0.5, "z": 0.20000000298023224, "x": -0.5}, "9": {"y": 0.5, "z": 0.10000000149011612, "x": -0.5}, "10": {"y": -0.5, "z": 0.20000000298023224, "x": 0.10000000149011612}, "11": {"y": -0.5, "z": 0.10000000149011612, "x": 0.10000000149011612}, "12": {"y": -0.30000001192092896, "z": 0.10000000149011612, "x": 0.10000000149011612}, "13": {"y": 0.30000001192092896, "z": 0.10000000149011612, "x": 0.10000000149011612}, "14": {"y": 0.5, "z": 0.20000000298023224, "x": 0.10000000149011612}, "15": {"y": 0.5, "z": 0.10000000149011612, "x": 0.10000000149011612}, "16": {"y": -0.30000001192092896, "z": 0.10000000149011612, "x": 1.0}, "17": {"y": -0.30000001192092896, "z": 0.0, "x": 1.0}, "18": {"y": 0.30000001192092896, "z": 0.10000000149011612, "x": 1.0}, "19": {"y": 0.30000001192092896, "z": 0.0, "x": 1.0}}, "default_edge_attributes": {}, "face": {"0": [14, 15, 9, 8], "1": [8, 9, 7], "2": [7, 6, 4, 8], "3": [4, 6, 5], "4": [4, 5, 11, 10], "5": [10, 11, 12], "6": [12, 13, 14, 10], "7": [14, 13, 15], "8": [10, 14, 8, 4], "9": [18, 19, 13], "10": [3, 13, 19], "11": [2, 7, 3], "12": [13, 3, 7], "13": [2, 3, 1, 0], "14": [0, 1, 6], "15": [12, 6, 1], "16": [16, 12, 17], "17": [1, 17, 12], "18": [16, 17, 19, 18], "19": [17, 1, 3, 19], "20": [11, 5, 6, 12], "21": [13, 7, 9, 15], "22": [16, 18, 13, 12], "23": [6, 7, 2, 0]}, "facedata": {"0": {}, "1": {}, "2": {}, "3": {}, "4": {}, "5": {}, "6": {}, "7": {}, "8": {}, "9": {}, "10": {}, "11": {}, "12": {}, "13": {}, "14": {}, "15": {}, "16": {}, "17": {}, "18": {}, "19": {}, "20": {}, "21": {}, "22": {}, "23": {}}, "attributes": {"name": null, "node": null}, "default_vertex_attributes": {"y": 0.0, "z": 0.0, "x": 0.0}, "edgedata": {}}, "guid": "d4bb3751-87b9-41ec-a123-d25082abf039"}}, "0": {"block": {"dtype": "compas_assembly.datastructures/Block", "data": {"max_vertex": 25, "max_face": 32, "default_face_attributes": {}, "vertex": {"0": {"y": -0.5, "z": 0.20000000298023224, "x": -1.5}, "1": {"y": -0.5, "z": 0.10000000149011612, "x": -1.5}, "2": {"y": -0.5, "z": 0.0, "x": -1.5}, "3": {"y": -0.30000001192092896, "z": 0.0, "x": -1.5}, "4": {"y": 0.30000001192092896, "z": 0.0, "x": -1.5}, "5": {"y": 0.5, "z": 0.20000000298023224, "x": -1.5}, "6": {"y": 0.5, "z": 0.10000000149011612, "x": -1.5}, "7": {"y": 0.5, "z": 0.0, "x": -1.5}, "8": {"y": -0.30000001192092896, "z": 0.10000000149011612, "x": -0.800000011920929}, "9": {"y": -0.30000001192092896, "z": 0.0, "x": -0.800000011920929}, "10": {"y": 0.30000001192092896, "z": 0.10000000149011612, "x": -0.800000011920929}, "11": {"y": 0.30000001192092896, "z": 0.0, "x": -0.800000011920929}, "12": {"y": -0.5, "z": 0.20000000298023224, "x": -0.5}, "13": {"y": -0.5, "z": 0.10000000149011612, "x": -0.5}, "14": {"y": -0.30000001192092896, "z": 0.10000000149011612, "x": -0.5}, "15": {"y": 0.30000001192092896, "z": 0.10000000149011612, "x": -0.5}, "16": {"y": 0.5, "z": 0.20000000298023224, "x": -0.5}, "17": {"y": 0.5, "z": 0.10000000149011612, "x": -0.5}, "18": {"y": -0.5, "z": 0.10000000149011612, "x": 0.10000000149011612}, "19": {"y": -0.5, "z": 0.0, "x": 0.10000000149011612}, "20": {"y": -0.30000001192092896, "z": 0.10000000149011612, "x": 0.10000000149011612}, "21": {"y": -0.30000001192092896, "z": 0.0, "x": 0.10000000149011612}, "22": {"y": 0.30000001192092896, "z": 0.10000000149011612, "x": 0.10000000149011612}, "23": {"y": 0.30000001192092896, "z": 0.0, "x": 0.10000000149011612}, "24": {"y": 0.5, "z": 0.10000000149011612, "x": 0.10000000149011612}, "25": {"y": 0.5, "z": 0.0, "x": 0.10000000149011612}}, "default_edge_attributes": {}, "face": {"0": [11, 10, 8, 9], "1": [21, 20, 18, 19], "2": [25, 24, 22, 23], "3": [11, 15, 10], "4": [17, 16, 15], "5": [16, 12, 14, 15], "6": [13, 14, 12], "7": [5, 0, 12, 16], "8": [17, 15, 22, 24], "9": [14, 13, 18, 20], "10": [14, 9, 8], "11": [14, 20, 21, 9], "12": [10, 15, 14, 8], "13": [13, 19, 18], "14": [0, 1, 13, 12], "15": [13, 1, 2], "16": [19, 13, 2], "17": [1, 6, 4, 3], "18": [1, 3, 2], "19": [1, 0, 5, 6], "20": [6, 7, 4], "21": [6, 5, 16, 17], "22": [17, 7, 6], "23": [17, 24, 25], "24": [7, 17, 25], "25": [11, 25, 23], "26": [4, 7, 11], "27": [25, 11, 7], "28": [4, 11, 9, 3], "29": [9, 21, 19], "30": [3, 9, 2], "31": [19, 2, 9], "32": [11, 23, 22, 15]}, "facedata": {"0": {}, "1": {}, "2": {}, "3": {}, "4": {}, "5": {}, "6": {}, "7": {}, "8": {}, "9": {}, "10": {}, "11": {}, "12": {}, "13": {}, "14": {}, "15": {}, "16": {}, "17": {}, "18": {}, "19": {}, "20": {}, "21": {}, "22": {}, "23": {}, "24": {}, "25": {}, "26": {}, "27": {}, "28": {}, "29": {}, "30": {}, "31": {}, "32": {}}, "attributes": {"name": null, "node": null}, "default_vertex_attributes": {"y": 0.0, "z": 0.0, "x": 0.0}, "edgedata": {}}, "guid": "593b2d15-74dd-4e0a-826e-ef770c1b349e"}}}, "adjacency": {"1": {"0": null}, "0": {"1": null}}, "max_node": 1, "default_node_attributes": {"section": null, "is_support": false, "displacement": [0, 0, 0, 0, 0, 0], "mesh_size": null, "block": null}, "edge": {"1": {}, "0": {"1": {"interfaces": [{"dtype": "compas_assembly.datastructures/Interface", "data": {"frame": {"dtype": "compas.geometry/Frame", "data": {"point": [-0.5, -0.30000001192092896, 0.10000000149011612], "yaxis": [0.0, 1.0, 0.0], "xaxis": [-1.0, 0.0, 0.0]}, "guid": "7ed4eb3e-a2f2-47ee-9eb1-6af95b360bba"}, "type": "face_face", "size": 0.18000001430511503, "viewmesh": null, "points": [[-0.5, -0.30000001192092896, 0.10000000149011612], [-0.800000011920929, -0.30000001192092896, 0.10000000149011612], [-0.800000011920929, 0.30000001192092896, 0.10000000149011612], [-0.5, 0.30000001192092896, 0.10000000149011612]], "forces": null, "mesh": null, "interaction": null}, "guid": "b8e36859-9928-4a57-a436-c372173c1f41"}, {"dtype": "compas_assembly.datastructures/Interface", "data": {"frame": {"dtype": "compas.geometry/Frame", "data": {"point": [0.10000000149011612, -0.30000001192092896, 0.10000000149011612], "yaxis": [0.0, -1.0, 0.0], "xaxis": [-1.0, 0.0, 0.0]}, "guid": "c1b0eab5-4a17-4902-bdd1-a27f7aab18f6"}, "type": "face_face", "size": 0.11999999314546583, "viewmesh": null, "points": [[0.10000000149011612, -0.30000001192092896, 0.10000000149011612], [-0.5, -0.30000001192092896, 0.10000000149011612], [-0.5, -0.5, 0.10000000149011612], [0.10000000149011612, -0.5, 0.10000000149011612]], "forces": null, "mesh": null, "interaction": null}, "guid": "1d6e8e20-8111-4f1c-9f89-c411144ef4ad"}, {"dtype": "compas_assembly.datastructures/Interface", "data": {"frame": {"dtype": "compas.geometry/Frame", "data": {"point": [0.10000000149011612, -0.30000001192092896, 0.0], "yaxis": [0.0, -0.0, 1.0], "xaxis": [-1.0, 0.0, 0.0]}, "guid": "d73020f4-b391-43c9-85a1-4f7172c48e9d"}, "type": "face_face", "size": 0.09000000268220903, "viewmesh": null, "points": [[0.10000000149011612, -0.30000001192092896, 0.0], [-0.800000011920929, -0.30000001192092896, 0.0], [-0.800000011920929, -0.30000001192092896, 0.10000000149011612], [0.10000000149011612, -0.30000001192092896, 0.10000000149011612]], "forces": null, "mesh": null, "interaction": null}, "guid": "ca51f8a6-23a4-4d5f-980f-5d241d034a8a"}, {"dtype": "compas_assembly.datastructures/Interface",