{"dtype": "compas_assembly.datastructures/Assembly", "data": {"attributes": {"name": "Assembly"}, "graph": {"dtype": "compas.datastructures/Graph", "data": {"attributes": {"name": "Graph"}, "default_node_attributes": {"block": null, "is_support": false, "section": null, "mesh_size": null}, "default_edge_attributes": {"interfaces": null}, "node": {"1": {"block": {"dtype": "compas_assembly.datastructures/Block", "data": {"attributes": {"name": null, "node": null}, "default_vertex_attributes": {"x": 0.0, "y": 0.0, "z": 0.0}, "default_edge_attributes": {}, "default_face_attributes": {}, "vertex": {"0": {"y": 0.5, "z": 1.399999976158142, "x": -0.8999999761581421}, "1": {"y": 0.5, "z": -1.0, "x": -0.8999999761581421}, "2": {"y": -0.5, "z": 1.399999976158142, "x": -0.8999999761581421}, "3": {"y": -0.5, "z": -1.0, "x": -0.8999999761581421}, "4": {"y": 0.5, "z": 1.399999976158142, "x": -1.100000023841858}, "5": {"y": 0.5, "z": -1.0, "x": -1.100000023841858}, "6": {"y": -0.5, "z": 1.399999976158142, "x": -1.100000023841858}, "7": {"y": -0.5, "z": -1.0, "x": -1.100000023841858}}, "face": {"0": [5, 7, 6, 4], "1": [4, 6, 2, 0], "2": [0, 2, 3, 1], "3": [1, 3, 7, 5], "4": [3, 2, 6, 7], "5": [1, 5, 4, 0]}, "facedata": {"0": {}, "1": {}, "2": {}, "3": {}, "4": {}, "5": {}}, "edgedata": {}, "max_vertex": 7, "max_face": 5}, "guid": "5ba02760-1ac5-4953-aa53-2f7840e6dfe5"}}, "2": {"block": {"dtype": "compas_assembly.datastructures/Block", "data": {"attributes": {"name": null, "node": null}, "default_vertex_attributes": {"x": 0.0, "y": 0.0, "z": 0.0}, "default_edge_attributes": {}, "default_face_attributes": {}, "vertex": {"0": {"y": 0.5, "z": 0.6000000238418579, "x": 0.8999999761581421}, "1": {"y": 0.5, "z": -0.20000000298023224, "x": 0.8999999761581421}, "2": {"y": -0.5, "z": 0.6000000238418579, "x": 0.8999999761581421}, "3": {"y": -0.5, "z": -0.20000000298023224, "x": 0.8999999761581421}, "4": {"y": 0.5, "z": 0.6000000238418579, "x": -0.8999999761581421}, "5": {"y": 0.5, "z": -0.20000000298023224, "x": -0.8999999761581421}, "6": {"y": -0.5, "z": 0.6000000238418579, "x": -0.8999999761581421}, "7": {"y": -0.5, "z": -0.20000000298023224, "x": -0.8999999761581421}}, "face": {"0": [7, 6, 4, 5], "1": [6, 2, 0, 4], "2": [2, 3, 1, 0], "3": [3, 7, 5, 1], "4": [7, 3, 2, 6], "5": [0, 1, 5, 4]}, "facedata": {"0": {}, "1": {}, "2": {}, "3": {}, "4": {}, "5": {}}, "edgedata": {}, "max_vertex": 7, "max_face": 5}, "guid": "a47f6938-aeb3-4ca4-8413-ca33183d50e0"}}, "0": {"block": {"dtype": "compas_assembly.datastructures/Block", "data": {"attributes": {"name": null, "node": null}, "default_vertex_attributes": {"x": 0.0, "y": 0.0, "z": 0.0}, "default_edge_attributes": {}, "default_face_attributes": {}, "vertex": {"0": {"y": 0.5, "z": 1.399999976158142, "x": 1.100000023841858}, "1": {"y": 0.5, "z": -1.0, "x": 1.100000023841858}, "2": {"y": -0.5, "z": 1.399999976158142, "x": 1.100000023841858}, "3": {"y": -0.5, "z": -1.0, "x": 1.100000023841858}, "4": {"y": 0.5, "z": 1.399999976158142, "x": 0.8999999761581421}, "5": {"y": 0.5, "z": -1.0, "x": 0.8999999761581421}, "6": {"y": -0.5, "z": 1.399999976158142, "x": 0.8999999761581421}, "7": {"y": -0.5, "z": -1.0, "x": 0.8999999761581421}}, "face": {"0": [5, 7, 6, 4], "1": [4, 6, 2, 0], "2": [0, 2, 3, 1], "3": [1, 3, 7, 5], "4": [3, 2, 6, 7], "5": [1, 5, 4, 0]}, "facedata": {"0": {}, "1": {}, "2": {}, "3": {}, "4": {}, "5": {}}, "edgedata": {}, "max_vertex": 7, "max_face": 5}, "guid": "6fbd9c12-57c8-4de4-885f-f21dc403c65d"}}}, "edge": {"1": {}, "2": {}, "0": {}}, "adjacency": {"1": {}, "2": {}, "0": {}}, "max_node": 2}}}, "guid": "8ef32624-5857-4982-970a-ebb1ab2b4fac"}