{"dtype": "compas_assembly.datastructures/Assembly", "data": {"attributes": {"name": "Assembly"}, "graph": {"dtype": "compas.datastructures/Graph", "data": {"attributes": {"name": "Graph"}, "default_node_attributes": {"block": null, "is_support": false, "section": null, "mesh_size": null}, "default_edge_attributes": {"interfaces": null}, "node": {"9": {"block": {"dtype": "compas_assembly.datastructures/Block", "data": {"attributes": {"name": null, "node": null}, "default_vertex_attributes": {"x": 0.0, "y": 0.0, "z": 0.0}, "default_edge_attributes": {}, "default_face_attributes": {}, "vertex": {"0": {"y": 0.20000000298023224, "z": 0.8727532625198364, "x": -0.044342290610075}, "1": {"y": 0.0, "z": 0.8727532625198364, "x": -0.04434240981936455}, "2": {"y": 0.20000000298023224, "z": 0.8727532625198364, "x": -0.0792243555188179}, "3": {"y": 0.0, "z": 0.8727532625198364, "x": -0.07922447472810745}, "4": {"y": 0.20000000298023224, "z": 0.14918266236782074, "x": -0.5426177382469177}, "5": {"y": 0.0, "z": 0.14918266236782074, "x": -0.5426178574562073}, "6": {"y": 0.20000000298023224, "z": 0.23563583195209503, "x": -0.6123794913291931}, "7": {"y": 0.0, "z": 0.23563583195209503, "x": -0.6123796105384827}}, "face": {"0": [5, 4, 0, 1], "1": [7, 6, 4, 5], "2": [3, 2, 6, 7], "3": [1, 0, 2, 3], "4": [2, 4, 6], "5": [4, 2, 0], "6": [3, 7, 5], "7": [5, 1, 3]}, "facedata": {"0": {}, "1": {}, "2": {}, "3": {}, "4": {}, "5": {}, "6": {}, "7": {}}, "edgedata": {}, "max_vertex": 7, "max_face": 7}, "guid": "5eb6b19c-573c-40ba-bbad-038b699e900f"}}, "7": {"block": {"dtype": "compas_assembly.datastructures/Block", "data": {"attributes": {"name": null, "node": null}, "default_vertex_attributes": {"x": 0.0, "y": 0.0, "z": 0.0}, "default_edge_attributes": {}, "default_face_attributes": {}, "vertex": {"0": {"y": 0.20000000298023224, "z": -0.17389333248138428, "x": -0.28191763162612915}, "1": {"y": 0.0, "z": -0.17389333248138428, "x": -0.2819177508354187}, "2": {"y": 0.20000000298023224, "z": -0.199832946062088, "x": -0.4174747169017792}, "3": {"y": 0.0, "z": -0.199832946062088, "x": -0.4174748361110687}, "4": {"y": 0.20000000298023224, "z": 0.5535095930099487, "x": -0.8688817024230957}, "5": {"y": 0.20000000298023224, "z": 0.45992356538772583, "x": -0.8688817024230957}, "6": {"y": 0.0, "z": 0.5535095930099487, "x": -0.8688818216323853}, "7": {"y": 0.0, "z": 0.45992356538772583, "x": -0.8688818216323853}}, "face": {"0": [3, 2, 0, 1], "1": [7, 5, 2, 3], "2": [6, 4, 5, 7], "3": [1, 0, 4, 6], "4": [0, 5, 4], "5": [5, 0, 2], "6": [1, 6, 7], "7": [7, 3, 1]}, "facedata": {"0": {}, "1": {}, "2": {}, "3": {}, "4": {}, "5": {}, "6": {}, "7": {}}, "edgedata": {}, "max_vertex": 7, "max_face": 7}, "guid": "a31558b2-65b5-489f-b881-596bf0448b51"}}, "10": {"block": {"dtype": "compas_assembly.datastructures/Block", "data": {"attributes": {"name": null, "node": null}, "default_vertex_attributes": {"x": 0.0, "y": 0.0, "z": 0.0}, "default_edge_attributes": {}, "default_face_attributes": {}, "vertex": {"0": {"y": 0.20000000298023224, "z": 0.2671591639518738, "x": 0.58295738697052}, "1": {"y": 0.0, "z": 0.2671591639518738, "x": 0.5829572677612305}, "2": {"y": 0.20000000298023224, "z": 0.15667025744915009, "x": 0.5498611927032471}, "3": {"y": 0.0, "z": 0.15667025744915009, "x": 0.5498610734939575}, "4": {"y": 0.20000000298023224, "z": 0.17941752076148987, "x": 0.503441333770752}, "5": {"y": 0.0, "z": 0.17941752076148987, "x": 0.5034412145614624}, "6": {"y": 0.20000000298023224, "z": 0.8727532625198364, "x": 0.41933390498161316}, "7": {"y": 0.0, "z": 0.8727532625198364, "x": 0.4193337857723236}, "8": {"y": 0.20000000298023224, "z": 0.8727532625198364, "x": 0.38189950585365295}, "9": {"y": 0.0, "z": 0.8727532625198364, "x": 0.3818993866443634}}, "face": {"0": [9, 8, 4, 5], "1": [7, 6, 8, 9], "2": [1, 0, 6, 7], "3": [3, 2, 0, 1], "4": [5, 4, 2, 3], "5": [4, 8, 6], "6": [2, 4, 0], "7": [6, 0, 4], "8": [5, 7, 9], "9": [1, 5, 3], "10": [7, 5, 1]}, "facedata": {"0": {}, "1": {}, "2": {}, "3": {}, "4": {}, "5": {}, "6": {}, "7": {}, "8": {}, "9": {}, "10": {}}, "edgedata": {}, "max_vertex": 9, "max_face": 10}, "guid": "edf72f19-e713-41b1-913d-42834c8974db"}}, "3": {"block": {"dtype": "compas_assembly.datastructures/Block", "data": {"attributes": {"name": null, "node": null}, "default_vertex_attributes": {"x": 0.0, "y": 0.0, "z": 0.0}, "default_edge_attributes": {}, "default_face_attributes": {}, "vertex": {"0": {"y": 0.20000000298023224, "z": -0.3092343807220459, "x": -0.4868064522743225}, "1": {"y": 0.0, "z": -0.3092343807220459, "x": -0.48680657148361206}, "2": {"y": 0.20000000298023224, "z": -0.3290513753890991, "x": -0.6217707395553589}, "3": {"y": 0.0, "z": -0.3290513753890991, "x": -0.6217708587646484}, "4": {"y": 0.20000000298023224, "z": -0.8734501600265503, "x": -0.6943811178207397}, "5": {"y": 0.0, "z": -0.8734501600265503, "x": -0.6943812370300293}, "6": {"y": 0.20000000298023224, "z": -0.8734501600265503, "x": -0.7445772290229797}, "7": {"y": 0.0, "z": -0.8734501600265503, "x": -0.7445773482322693}}, "face": {"0": [3, 2, 6, 7], "1": [1, 0, 2, 3], "2": [5, 4, 0, 1], "3": [7, 6, 4, 5], "4": [2, 4, 6], "5": [4, 2, 0], "6": [3, 7, 5], "7": [5, 1, 3]}, "facedata": {"0": {}, "1": {}, "2": {}, "3": {}, "4": {}, "5": {}, "6": {}, "7": {}}, "edgedata": {}, "max_vertex": 7, "max_face": 7}, "guid": "263345cc-ba6f-4f36-aad7-1ef5067ffb9e"}}, "5": {"block": {"dtype": "compas_assembly.datastructures/Block", "data": {"attributes": {"name": null, "node": null}, "default_vertex_attributes": {"x": 0.0, "y": 0.0, "z": 0.0}, "default_edge_attributes": {}, "default_face_attributes": {}, "vertex": {"0": {"y": 0.20000000298023224, "z": -0.15774419903755188, "x": -0.19752441346645355}, "1": {"y": 0.0, "z": -0.15774419903755188, "x": -0.1975245326757431}, "2": {"y": 0.20000000298023224, "z": -0.2760029137134552, "x": -0.2604822814464569}, "3": {"y": 0.0, "z": -0.2760029137134552, "x": -0.26048240065574646}, "4": {"y": 0.20000000298023224, "z": -0.2862122654914856, "x": -0.8688817024230957}, "5": {"y": 0.20000000298023224, "z": -0.36533501744270325, "x": -0.8688817024230957}, "6": {"y": 0.0, "z": -0.2862122654914856, "x": -0.8688818216323853}, "7": {"y": 0.0, "z": -0.36533501744270325, "x": -0.8688818216323853}}, "face": {"0": [3, 2, 0, 1], "1": [7, 5, 2, 3], "2": [6, 4, 5, 7], "3": [1, 0, 4, 6], "4": [2, 5, 4], "5": [4, 0, 2], "6": [3, 6, 7], "7": [6, 3, 1]}, "facedata": {"0": {}, "1": {}, "2": {}, "3": {}, "4": {}, "5": {}, "6": {}, "7": {}}, "edgedata": {}, "max_vertex": 7, "max_face": 7}, "guid": "60e50233-d1e6-4b18-8ae9-75cd2330b7ab"}}, "0": {"block": {"dtype": "compas_assembly.datastructures/Block", "data": {"attributes": {"name": null, "node": null}, "default_vertex_attributes": {"x": 0.0, "y": 0.0, "z": 0.0}, "default_edge_attributes": {}, "default_face_attributes": {}, "vertex": {"0": {"y": 0.20000000298023224, "z": 1.0, "x": 1.020408272743225}, "1": {"y": 0.20000000298023224, "z": -1.0, "x": 1.020408272743225}, "2": {"y": 0.0, "z": 1.0, "x": 1.0204081535339355}, "3": {"y": 0.0, "z": -1.0, "x": 1.0204081535339355}, "4": {"y": 0.20000000298023224, "z": 0.8727532625198364, "x": 0.888724148273468}, "5": {"y": 0.20000000298023224, "z": -0.8734501600265503, "x": 0.888724148273468}, "6": {"y": 0.0, "z": 0.8727532625198364, "x": 0.8887240290641785}, "7": {"y": 0.0, "z": -0.8734501600265503, "x": 0.8887240290641785}, "8": {"y": 0.20000000298023224, "z": 0.8727532625198364, "x": -0.8688817024230957}, "9": {"y": 0.20000000298023224, "z": -0.8734501600265503, "x": -0.8688817024230957}, "10": {"y": 0.0, "z": 0.8727532625198364, "x": -0.8688818216323853}, "11": {"y": 0.0, "z": -0.8734501600265503, "x": -0.8688818216323853}, "12": {"y": 0.20000000298023224, "z": 1.0, "x": -0.9999998807907104}, "13": {"y": 0.20000000298023224, "z": -1.0, "x": -0.9999998807907104}, "14": {"y": 0.0, "z": 1.0, "x": -1.0}, "15": {"y": 0.0, "z": -1.0, "x": -1.0}}, "face": {"0": [6, 4, 5, 7], "1": [2, 0, 4, 6], "2": [3, 1, 0, 2], "3": [15, 13, 1, 3],