{"dtype": "compas_assembly.datastructures/Assembly", "data": {"attributes": {"name": "Assembly"}, "graph": {"dtype": "compas.datastructures/Graph", "data": {"attributes": {"name": "Graph"}, "default_node_attributes": {"block": null, "is_support": false, "section": null, "mesh_size": null}, "default_edge_attributes": {"interfaces": null}, "node": {"9": {"block": {"dtype": "compas_assembly.datastructures/Block", "data": {"attributes": {"name": null, "node": null}, "default_vertex_attributes": {"x": 0.0, "y": 0.0, "z": 0.0}, "default_edge_attributes": {}, "default_face_attributes": {}, "vertex": {"0": {"y": 0.0, "z": 0.2671591639518738, "x": 0.5829572677612305}, "1": {"y": 0.20000000298023224, "z": 0.2671591639518738, "x": 0.5829572677612305}, "2": {"y": 0.0, "z": 0.17941752076148987, "x": 0.5034412145614624}, "3": {"y": 0.20000000298023224, "z": 0.17941752076148987, "x": 0.5034412145614624}, "4": {"y": 0.0, "z": 0.8727532625198364, "x": 0.4193337857723236}, "5": {"y": 0.20000000298023224, "z": 0.8727532625198364, "x": 0.4193337857723236}, "6": {"y": 0.0, "z": 0.8727532625198364, "x": 0.3818993866443634}, "7": {"y": 0.20000000298023224, "z": 0.8727532625198364, "x": 0.3818993866443634}}, "face": {"0": [6, 2, 0, 4], "1": [7, 5, 1, 3], "2": [0, 1, 5, 4], "3": [2, 3, 1, 0], "4": [4, 5, 7, 6], "5": [6, 7, 3, 2]}, "facedata": {"0": {}, "1": {}, "2": {}, "3": {}, "4": {}, "5": {}}, "edgedata": {}, "max_vertex": 7, "max_face": 5}, "guid": "f88065b9-54a1-4fca-8c69-0d61abbc6695"}}, "7": {"block": {"dtype": "compas_assembly.datastructures/Block", "data": {"attributes": {"name": null, "node": null}, "default_vertex_attributes": {"x": 0.0, "y": 0.0, "z": 0.0}, "default_edge_attributes": {}, "default_face_attributes": {}, "vertex": {"0": {"y": 0.0, "z": -0.023659327998757362, "x": 0.3194025456905365}, "1": {"y": 0.20000000298023224, "z": -0.023659327998757362, "x": 0.3194025456905365}, "2": {"y": 0.0, "z": -0.11933368444442749, "x": 0.232697531580925}, "3": {"y": 0.20000000298023224, "z": -0.11933368444442749, "x": 0.232697531580925}, "4": {"y": 0.0, "z": 0.5109679698944092, "x": -0.29348012804985046}, "5": {"y": 0.20000000298023224, "z": 0.5109679698944092, "x": -0.29348012804985046}, "6": {"y": 0.0, "z": 0.47638726234436035, "x": -0.31729358434677124}, "7": {"y": 0.20000000298023224, "z": 0.47638726234436035, "x": -0.31729358434677124}}, "face": {"0": [6, 2, 0, 4], "1": [7, 5, 1, 3], "2": [0, 1, 5, 4], "3": [2, 3, 1, 0], "4": [4, 5, 7, 6], "5": [6, 7, 3, 2]}, "facedata": {"0": {}, "1": {}, "2": {}, "3": {}, "4": {}, "5": {}}, "edgedata": {}, "max_vertex": 7, "max_face": 5}, "guid": "8fbb70c6-3eae-43f7-8c32-90c94d85209d"}}, "10": {"block": {"dtype": "compas_assembly.datastructures/Block", "data": {"attributes": {"name": null, "node": null}, "default_vertex_attributes": {"x": 0.0, "y": 0.0, "z": 0.0}, "default_edge_attributes": {}, "default_face_attributes": {}, "vertex": {"0": {"y": 0.0, "z": 0.6761630773544312, "x": -0.24373586475849152}, "1": {"y": 0.0, "z": 0.8727532625198364, "x": -0.2492399662733078}, "2": {"y": 0.20000000298023224, "z": 0.6761630773544312, "x": -0.24373586475849152}, "3": {"y": 0.20000000298023224, "z": 0.8727532625198364, "x": -0.2492399662733078}, "4": {"y": 0.0, "z": 0.8727532625198364, "x": -0.27487632632255554}, "5": {"y": 0.0, "z": 0.6277289390563965, "x": -0.28426671028137207}, "6": {"y": 0.20000000298023224, "z": 0.8727532625198364, "x": -0.27487632632255554}, "7": {"y": 0.20000000298023224, "z": 0.6277289390563965, "x": -0.28426671028137207}}, "face": {"0": [1, 4, 5, 0], "1": [3, 2, 7, 6], "2": [0, 2, 3, 1], "3": [5, 7, 2, 0], "4": [1, 3, 6, 4], "5": [4, 6, 7, 5]}, "facedata": {"0": {}, "1": {}, "2": {}, "3": {}, "4": {}, "5": {}}, "edgedata": {}, "max_vertex": 7, "max_face": 5}, "guid": "cf68b093-ceb0-45b8-8dfc-d546287a2240"}}, "3": {"block": {"dtype": "compas_assembly.datastructures/Block", "data": {"attributes": {"name": null, "node": null}, "default_vertex_attributes": {"x": 0.0, "y": 0.0, "z": 0.0}, "default_edge_attributes": {}, "default_face_attributes": {}, "vertex": {"0": {"y": 0.0, "z": -0.31684044003486633, "x": 0.37335020303726196}, "1": {"y": 0.20000000298023224, "z": -0.31684044003486633, "x": 0.37335020303726196}, "2": {"y": 0.0, "z": -0.4333975911140442, "x": 0.24232976138591766}, "3": {"y": 0.20000000298023224, "z": -0.4333975911140442, "x": 0.24232976138591766}, "4": {"y": 0.0, "z": -0.15774419903755188, "x": -0.1975245326757431}, "5": {"y": 0.20000000298023224, "z": -0.15774419903755188, "x": -0.1975245475769043}, "6": {"y": 0.0, "z": -0.2760029137134552, "x": -0.26048240065574646}, "7": {"y": 0.20000000298023224, "z": -0.2760029137134552, "x": -0.26048240065574646}}, "face": {"0": [3, 7, 5, 1], "1": [4, 0, 1, 5], "2": [6, 4, 5, 7], "3": [0, 2, 3, 1], "4": [2, 6, 7, 3], "5": [2, 0, 4, 6]}, "facedata": {"0": {}, "1": {}, "2": {}, "3": {}, "4": {}, "5": {}}, "edgedata": {}, "max_vertex": 7, "max_face": 5}, "guid": "d307d309-b871-41de-b7b6-15693a51b4f3"}}, "5": {"block": {"dtype": "compas_assembly.datastructures/Block", "data": {"attributes": {"name": null, "node": null}, "default_vertex_attributes": {"x": 0.0, "y": 0.0, "z": 0.0}, "default_edge_attributes": {}, "default_face_attributes": {}, "vertex": {"0": {"y": 0.0, "z": 0.6045564413070679, "x": 0.8887240290641785}, "1": {"y": 0.0, "z": 0.5356431603431702, "x": 0.8887240290641785}, "2": {"y": 0.20000000298023224, "z": 0.6045564413070679, "x": 0.888724148273468}, "3": {"y": 0.20000000298023224, "z": 0.5356431603431702, "x": 0.888724148273468}, "4": {"y": 0.0, "z": -0.2852736711502075, "x": 0.2600812017917633}, "5": {"y": 0.20000000298023224, "z": -0.2852736711502075, "x": 0.2600812017917633}, "6": {"y": 0.0, "z": -0.24572141468524933, "x": 0.11815844476222992}, "7": {"y": 0.20000000298023224, "z": -0.24572141468524933, "x": 0.11815844476222992}}, "face": {"0": [2, 3, 5, 7], "1": [6, 0, 2, 7], "2": [4, 6, 7, 5], "3": [0, 1, 3, 2], "4": [1, 4, 5, 3], "5": [0, 6, 4, 1]}, "facedata": {"0": {}, "1": {}, "2": {}, "3": {}, "4": {}, "5": {}}, "edgedata": {}, "max_vertex": 7, "max_face": 5}, "guid": "d7af9880-dbe9-4ad3-bc63-9f18b6417afe"}}, "0": {"block": {"dtype": "compas_assembly.datastructures/Block", "data": {"attributes": {"name": null, "node": null}, "default_vertex_attributes": {"x": 0.0, "y": 0.0, "z": 0.0}, "default_edge_attributes": {}, "default_face_attributes": {}, "vertex": {"0": {"y": 0.0, "z": 1.0, "x": 1.0204081535339355}, "1": {"y": 0.0, "z": -1.0, "x": 1.0204081535339355}, "2": {"y": 0.20000000298023224, "z": 1.0, "x": 1.020408272743225}, "3": {"y": 0.20000000298023224, "z": -1.0, "x": 1.020408272743225}, "4": {"y": 0.0, "z": 0.8727532625198364, "x": 0.8887240290641785}, "5": {"y": 0.0, "z": -0.8734501600265503, "x": 0.8887240290641785}, "6": {"y": 0.20000000298023224, "z": 0.8727532625198364, "x": 0.888724148273468}, "7": {"y": 0.20000000298023224, "z": -0.8734501600265503, "x": 0.888724148273468}, "8": {"y": 0.0, "z": 0.8727532625198364, "x": -0.8688818216323853}, "9": {"y": 0.0, "z": -0.8734501600265503, "x": -0.8688818216323853}, "10": {"y": 0.20000000298023224, "z": 0.8727532625198364, "x": -0.8688818216323853}, "11": {"y": 0.20000000298023224, "z": -0.8734501600265503, "x": -0.8688818216323853}, "12": {"y": 0.0, "z": 1.0, "x": -1.0}, "13": {"y": 0.0, "z": -1.0, "x": -1.0}, "14": {"y": 0.20000000298023224, "z": 1.0, "x": -1.0}, "15": {"y": 0.20000000298023224, "z": -1.0, "x": -1.0}}, "face": {"0": [9, 8, 12, 13], "1": [5, 9, 13, 1], "2": [8, 4, 0, 12], "3": [4, 5, 1, 0], "4": [11, 15, 14, 10], "5": [7, 3, 15, 11], "6": [10, 14, 2, 6], "7": [6, 2, 3, 7], "8": [12, 14, 15, 13], "9": [13, 15, 3, 1], "10": [0, 2, 14, 12], "11": [1, 3, 2, 0], "12": [9, 11, 10, 8], "13": [5, 7, 11, 9], "14": [8, 10, 6, 4], "15": [4, 6, 7, 5]}, "facedata": {"0": {}, "1": {}, "2": {}, "3": {}, "4": {}, "5": {}, "6": {}, "7": {}, "8": {}, "9": {}, "10": {}, "11": {}, "12": {}, "13": {}, "14": {}, "15": {}}, "edgedata": {}, "max_vertex": 15, "max_face": 15},