{"dtype": "compas_assembly.datastructures/Assembly", "data": {"attributes": {"name": "Assembly"}, "graph": {"dtype": "compas.datastructures/Graph", "data": {"attributes": {"name": "Graph"}, "default_node_attributes": {"block": null, "is_support": false, "section": null, "mesh_size": null}, "default_edge_attributes": {"interfaces": null}, "node": {"9": {"block": {"dtype": "compas_assembly.datastructures/Block", "data": {"attributes": {"name": null, "node": null}, "default_vertex_attributes": {"x": 0.0, "y": 0.0, "z": 0.0}, "default_edge_attributes": {}, "default_face_attributes": {}, "vertex": {"0": {"y": 0.20000000298023224, "z": 0.8727532625198364, "x": -0.044342290610075}, "1": {"y": 0.0, "z": 0.8727532625198364, "x": -0.04434240981936455}, "2": {"y": 0.20000000298023224, "z": 0.8727532625198364, "x": -0.0792243555188179}, "3": {"y": 0.0, "z": 0.8727532625198364, "x": -0.07922447472810745}, "4": {"y": 0.20000000298023224, "z": 0.14918266236782074, "x": -0.5426177382469177}, "5": {"y": 0.0, "z": 0.14918266236782074, "x": -0.5426178574562073}, "6": {"y": 0.20000000298023224, "z": 0.23563583195209503, "x": -0.6123794913291931}, "7": {"y": 0.0, "z": 0.23563583195209503, "x": -0.6123796105384827}}, "face": {"0": [5, 4, 0, 1], "1": [7, 6, 4, 5], "2": [3, 2, 6, 7], "3": [1, 0, 2, 3], "4": [2, 4, 6], "5": [4, 2, 0], "6": [3, 7, 5], "7": [5, 1, 3]}, "facedata": {"0": {}, "1": {}, "2": {}, "3": {}, "4": {}, "5": {}, "6": {}, "7": {}}, "edgedata": {}, "max_vertex": 7, "max_face": 7}, "guid": "3a730787-ce0d-4855-b255-8e345ae0482e"}}, "7": {"block": {"dtype": "compas_assembly.datastructures/Block", "data": {"attributes": {"name": null, "node": null}, "default_vertex_attributes": {"x": 0.0, "y": 0.0, "z": 0.0}, "default_edge_attributes": {}, "default_face_attributes": {}, "vertex": {"0": {"y": 0.20000000298023224, "z": -0.17389333248138428, "x": -0.28191763162612915}, "1": {"y": 0.0, "z": -0.17389333248138428, "x": -0.2819177508354187}, "2": {"y": 0.20000000298023224, "z": -0.199832946062088, "x": -0.4174747169017792}, "3": {"y": 0.0, "z": -0.199832946062088, "x": -0.4174748361110687}, "4": {"y": 0.20000000298023224, "z": 0.5535095930099487, "x": -0.8688817024230957}, "5": {"y": 0.20000000298023224, "z": 0.45992356538772583, "x": -0.8688817024230957}, "6": {"y": 0.0, "z": 0.5535095930099487, "x": -0.8688818216323853}, "7": {"y": 0.0, "z": 0.45992356538772583, "x": -0.8688818216323853}}, "face": {"0": [3, 2, 0, 1], "1": [7, 5, 2, 3], "2": [6, 4, 5, 7], "3": [1, 0, 4, 6], "4": [0, 5, 4], "5": [5, 0, 2], "6": [1, 6, 7], "7": [7, 3, 1]}, "facedata": {"0": {}, "1": {}, "2": {}, "3": {}, "4": {}, "5": {}, "6": {}, "7": {}}, "edgedata": {}, "max_vertex": 7, "max_face": 7}, "guid": "72f12545-e8e1-4187-93b7-5d3398b992d2"}}, "10": {"block": {"dtype": "compas_assembly.datastructures/Block", "data": {"attributes": {"name": null, "node": null}, "default_vertex_attributes": {"x": 0.0, "y": 0.0, "z": 0.0}, "default_edge_attributes": {}, "default_face_attributes": {}, "vertex": {"0": {"y": 0.20000000298023224, "z": 0.2671591639518738, "x": 0.58295738697052}, "1": {"y": 0.0, "z": 0.2671591639518738, "x": 0.5829572677612305}, "2": {"y": 0.20000000298023224, "z": 0.17941752076148987, "x": 0.503441333770752}, "3": {"y": 0.0, "z": 0.17941752076148987, "x": 0.5034412145614624}, "4": {"y": 0.20000000298023224, "z": 0.5437479019165039, "x": 0.4870227575302124}, "5": {"y": 0.0, "z": 0.5437479019165039, "x": 0.48702263832092285}, "6": {"y": 0.20000000298023224, "z": 0.5397130250930786, "x": 0.46400579810142517}, "7": {"y": 0.0, "z": 0.5397130250930786, "x": 0.4640056788921356}, "8": {"y": 0.20000000298023224, "z": 0.7268030643463135, "x": 0.45493316650390625}, "9": {"y": 0.0, "z": 0.7268030643463135, "x": 0.4549330472946167}, "10": {"y": 0.20000000298023224, "z": 0.7227681875228882, "x": 0.431916207075119}, "11": {"y": 0.0, "z": 0.7227681875228882, "x": 0.43191608786582947}, "12": {"y": 0.20000000298023224, "z": 0.8727532625198364, "x": 0.41933390498161316}, "13": {"y": 0.0, "z": 0.8727532625198364, "x": 0.4193337857723236}, "14": {"y": 0.20000000298023224, "z": 0.8945878744125366, "x": 0.3936482071876526}, "15": {"y": 0.0, "z": 0.8945878744125366, "x": 0.39364808797836304}, "16": {"y": 0.20000000298023224, "z": 0.8727532625198364, "x": 0.38189950585365295}, "17": {"y": 0.0, "z": 0.8727532625198364, "x": 0.3818993866443634}}, "face": {"0": [17, 16, 2, 3], "1": [15, 14, 16, 17], "2": [13, 12, 14, 15], "3": [1, 0, 12, 13], "4": [3, 2, 0, 1], "5": [8, 4, 6, 10], "6": [4, 2, 6], "7": [16, 6, 2], "8": [8, 0, 4], "9": [2, 4, 0], "10": [10, 16, 14], "11": [8, 10, 12], "12": [14, 12, 10], "13": [0, 8, 12], "14": [6, 16, 10], "15": [5, 9, 11, 7], "16": [11, 15, 17], "17": [9, 13, 11], "18": [15, 11, 13], "19": [11, 17, 7], "20": [5, 7, 3], "21": [17, 3, 7], "22": [1, 9, 5], "23": [3, 1, 5], "24": [13, 9, 1]}, "facedata": {"0": {}, "1": {}, "2": {}, "3": {}, "4": {}, "5": {}, "6": {}, "7": {}, "8": {}, "9": {}, "10": {}, "11": {}, "12": {}, "13": {}, "14": {}, "15": {}, "16": {}, "17": {}, "18": {}, "19": {}, "20": {}, "21": {}, "22": {}, "23": {}, "24": {}}, "edgedata": {}, "max_vertex": 17, "max_face": 24}, "guid": "14377e4b-7a66-49c0-bf07-3f3b79d5ed70"}}, "3": {"block": {"dtype": "compas_assembly.datastructures/Block", "data": {"attributes": {"name": null, "node": null}, "default_vertex_attributes": {"x": 0.0, "y": 0.0, "z": 0.0}, "default_edge_attributes": {}, "default_face_attributes": {}, "vertex": {"0": {"y": 0.20000000298023224, "z": -0.3092343807220459, "x": -0.4868064522743225}, "1": {"y": 0.0, "z": -0.3092343807220459, "x": -0.48680657148361206}, "2": {"y": 0.20000000298023224, "z": -0.3290513753890991, "x": -0.6217707395553589}, "3": {"y": 0.0, "z": -0.3290513753890991, "x": -0.6217708587646484}, "4": {"y": 0.20000000298023224, "z": -0.8734501600265503, "x": -0.6943811178207397}, "5": {"y": 0.0, "z": -0.8734501600265503, "x": -0.6943812370300293}, "6": {"y": 0.20000000298023224, "z": -0.8734501600265503, "x": -0.7445772290229797}, "7": {"y": 0.0, "z": -0.8734501600265503, "x": -0.7445773482322693}}, "face": {"0": [3, 2, 6, 7], "1": [1, 0, 2, 3], "2": [5, 4, 0, 1], "3": [7, 6, 4, 5], "4": [2, 4, 6], "5": [4, 2, 0], "6": [3, 7, 5], "7": [5, 1, 3]}, "facedata": {"0": {}, "1": {}, "2": {}, "3": {}, "4": {}, "5": {}, "6": {}, "7": {}}, "edgedata": {}, "max_vertex": 7, "max_face": 7}, "guid": "fd8721a4-eebd-46b2-afc1-bb720a9cd88d"}}, "5": {"block": {"dtype": "compas_assembly.datastructures/Block", "data": {"attributes": {"name": null, "node": null}, "default_vertex_attributes": {"x": 0.0, "y": 0.0, "z": 0.0}, "default_edge_attributes": {}, "default_face_attributes": {}, "vertex": {"0": {"y": 0.20000000298023224, "z": -0.15774419903755188, "x": -0.19752441346645355}, "1": {"y": 0.0, "z": -0.15774419903755188, "x": -0.1975245326757431}, "2": {"y": 0.20000000298023224, "z": -0.2760029137134552, "x": -0.2604822814464569}, "3": {"y": 0.0, "z": -0.2760029137134552, "x": -0.26048240065574646}, "4": {"y": 0.20000000298023224, "z": -0.2862122654914856, "x": -0.8688817024230957}, "5": {"y": 0.20000000298023224, "z": -0.36533501744270325, "x": -0.8688817024230957}, "6": {"y": 0.0, "z": -0.2862122654914856, "x": -0.8688818216323853}, "7": {"y": 0.0, "z": -0.36533501744270325, "x": -0.8688818216323853}}, "face": {"0": [3, 2, 0, 1], "1": [7, 5, 2, 3], "2": [6, 4, 5, 7], "3": [1, 0, 4, 6], "4": [2, 5, 4], "5": [4, 0, 2], "6": [3, 6, 7], "7": [6, 3, 1]}, "facedata": {"0": {}, "1": {}, "2": {}, "3": {}, "4": {}, "5": {}, "6": {}, "7": {}}, "edgedata": {}, "max_vertex": 7, "max_face": 7}, "guid": "8b222d2f-7c68-4237-9811-d84ec6481050"}}, "0": {"block": {"dtype": "compas_assembly.datastructures/Block", "data": {"attributes": {"name": null, "node": null}, "default_vertex_attributes": {"x": 0.0, "y": 0.0, "z": 0.0}, "default_edge_attributes": {}, "default_face_attributes": {}, "vertex": {"0": {"y": 0.20000000298023224, "z": 1.0, "x": 1.020408272743225}, "1": {"y": 0.20000000298023224, "z": -1.0,