{"dtype": "compas_assembly.datastructures/Assembly", "data": {"attributes": {"name": "Assembly"}, "graph": {"dtype": "compas.datastructures/Graph", "data": {"attributes": {"name": "Graph"}, "default_node_attributes": {"block": null, "is_support": false, "section": null, "mesh_size": null}, "default_edge_attributes": {"interfaces": null}, "node": {"1": {"block": {"dtype": "compas_assembly.datastructures/Block", "data": {"attributes": {"name": null, "node": null}, "default_vertex_attributes": {"x": 0.0, "y": 0.0, "z": 0.0}, "default_edge_attributes": {}, "default_face_attributes": {}, "vertex": {"0": {"y": 0.0, "z": 0.0, "x": -1.999999999999997}, "1": {"y": 0.0, "z": 0.0, "x": -0.9999999999999968}, "2": {"y": 1.0, "z": 1.0773502691896253, "x": -0.9999999999999968}, "3": {"y": 0.0, "z": 1.0773502691896253, "x": -0.9999999999999968}, "4": {"y": 0.0, "z": 0.0, "x": 3.197442310920451e-15}, "5": {"y": 0.0, "z": 0.5000000000000001, "x": 3.197442310920451e-15}, "6": {"y": 1.0, "z": 0.0, "x": 3.197442310920451e-15}, "7": {"y": 1.0, "z": 0.0, "x": -0.9999999999999968}, "8": {"y": 1.0, "z": 0.0, "x": -1.999999999999997}, "9": {"y": 1.0, "z": 0.5000000000000001, "x": 3.197442310920451e-15}, "10": {"y": 1.0, "z": 1.0773502691896253, "x": -1.999999999999997}, "11": {"y": 0.0, "z": 1.0773502691896253, "x": -1.999999999999997}}, "face": {"0": [8, 7, 1, 0], "1": [7, 6, 4, 1], "2": [11, 3, 2, 10], "3": [3, 5, 9, 2], "4": [0, 1, 3, 11], "5": [1, 4, 5, 3], "6": [4, 6, 9, 5], "7": [6, 7, 2, 9], "8": [7, 8, 10, 2], "9": [8, 0, 11, 10]}, "facedata": {"0": {}, "1": {}, "2": {}, "3": {}, "4": {}, "5": {}, "6": {}, "7": {}, "8": {}, "9": {}}, "edgedata": {}, "max_vertex": 11, "max_face": 9}, "guid": "bdb97eaa-740b-4902-8ac8-0ddf7286925c"}}, "2": {"block": {"dtype": "compas_assembly.datastructures/Block", "data": {"attributes": {"name": null, "node": null}, "default_vertex_attributes": {"x": 0.0, "y": 0.0, "z": 0.0}, "default_edge_attributes": {}, "default_face_attributes": {}, "vertex": {"0": {"y": 0.0, "z": 0.49999999999999994, "x": 3.197442310920451e-15}, "1": {"y": 0.0, "z": 1.1381197846482995, "x": 1.000000000000003}, "2": {"y": 0.0, "z": 1.1381197846482995, "x": 3.197442310920451e-15}, "3": {"y": 0.0, "z": 1.077350269189625, "x": 1.000000000000003}, "4": {"y": 1.0, "z": 1.077350269189625, "x": 1.000000000000003}, "5": {"y": 1.0, "z": 0.49999999999999994, "x": 3.197442310920451e-15}, "6": {"y": 1.0, "z": 1.077350269189625, "x": -0.9999999999999968}, "7": {"y": 1.0, "z": 1.1381197846482995, "x": 1.000000000000003}, "8": {"y": 1.0, "z": 1.1381197846482995, "x": 3.197442310920451e-15}, "9": {"y": 1.0, "z": 1.1381197846482995, "x": -0.9999999999999968}, "10": {"y": 0.0, "z": 1.077350269189625, "x": -0.9999999999999968}, "11": {"y": 0.0, "z": 1.1381197846482995, "x": -0.9999999999999968}}, "face": {"0": [6, 5, 0, 10], "1": [5, 4, 3, 0], "2": [11, 2, 8, 9], "3": [2, 1, 7, 8], "4": [10, 0, 2, 11], "5": [0, 3, 1, 2], "6": [3, 4, 7, 1], "7": [4, 5, 8, 7], "8": [5, 6, 9, 8], "9": [6, 10, 11, 9]}, "facedata": {"0": {}, "1": {}, "2": {}, "3": {}, "4": {}, "5": {}, "6": {}, "7": {}, "8": {}, "9": {}}, "edgedata": {}, "max_vertex": 11, "max_face": 9}, "guid": "e40cd367-1277-41d9-9d77-5932c9063b25"}}, "0": {"block": {"dtype": "compas_assembly.datastructures/Block", "data": {"attributes": {"name": null, "node": null}, "default_vertex_attributes": {"x": 0.0, "y": 0.0, "z": 0.0}, "default_edge_attributes": {}, "default_face_attributes": {}, "vertex": {"0": {"y": 0.0, "z": 0.0, "x": 1.000000000000003}, "1": {"y": 0.0, "z": 1.0773502691896253, "x": 2.000000000000003}, "2": {"y": 0.0, "z": 1.0773502691896253, "x": 1.000000000000003}, "3": {"y": 0.0, "z": 0.0, "x": 2.000000000000003}, "4": {"y": 1.0, "z": 0.0, "x": 2.000000000000003}, "5": {"y": 1.0, "z": 0.0, "x": 1.000000000000003}, "6": {"y": 1.0, "z": 1.0773502691896253, "x": 2.000000000000003}, "7": {"y": 1.0, "z": 1.0773502691896253, "x": 1.000000000000003}, "8": {"y": 1.0, "z": 0.0, "x": 3.197442310920451e-15}, "9": {"y": 0.0, "z": 0.0, "x": 3.197442310920451e-15}, "10": {"y": 1.0, "z": 0.5000000000000001, "x": 3.197442310920451e-15}, "11": {"y": 0.0, "z": 0.5000000000000001, "x": 3.197442310920451e-15}}, "face": {"0": [8, 5, 0, 9], "1": [5, 4, 3, 0], "2": [11, 2, 7, 10], "3": [2, 1, 6, 7], "4": [9, 0, 2, 11], "5": [0, 3, 1, 2], "6": [3, 4, 6, 1], "7": [4, 5, 7, 6], "8": [5, 8, 10, 7], "9": [8, 9, 11, 10]}, "facedata": {"0": {}, "1": {}, "2": {}, "3": {}, "4": {}, "5": {}, "6": {}, "7": {}, "8": {}, "9": {}}, "edgedata": {}, "max_vertex": 11, "max_face": 9}, "guid": "07c486e0-d79a-4549-a3dc-db5aaafa74b6"}}}, "edge": {"1": {}, "2": {}, "0": {}}, "adjacency": {"1": {}, "2": {}, "0": {}}, "max_node": 2}}}, "guid": "8c64695f-6c6d-4b87-ae29-6aa2061f70f1"}