{"dtype": "compas_assembly.datastructures/Assembly", "data": {"attributes": {"name": "Assembly"}, "graph": {"dtype": "compas.datastructures/Graph", "data": {"attributes": {"name": "Graph"}, "default_node_attributes": {"block": null, "is_support": false, "section": null, "mesh_size": null}, "default_edge_attributes": {"interfaces": null}, "node": {"1": {"block": {"dtype": "compas_assembly.datastructures/Block", "data": {"attributes": {"name": null, "node": null}, "default_vertex_attributes": {"x": 0.0, "y": 0.0, "z": 0.0}, "default_edge_attributes": {}, "default_face_attributes": {}, "vertex": {"0": {"y": 0.0, "z": 0.0, "x": -1.9999999999999967}, "1": {"y": 0.0, "z": 0.0, "x": -0.5999999999999964}, "2": {"y": 0.0, "z": 0.5000000000000001, "x": 3.552713678800501e-15}, "3": {"y": 0.0, "z": 1.5392304845413263, "x": -0.5999999999999964}, "4": {"y": 0.0, "z": 0.0, "x": 3.552713678800501e-15}, "5": {"y": 1.0, "z": 0.0, "x": 3.552713678800501e-15}, "6": {"y": 1.0, "z": 0.0, "x": -0.5999999999999964}, "7": {"y": 1.0, "z": 0.0, "x": -1.9999999999999967}, "8": {"y": 1.0, "z": 0.5000000000000001, "x": 3.552713678800501e-15}, "9": {"y": 1.0, "z": 1.5392304845413263, "x": -0.5999999999999964}, "10": {"y": 1.0, "z": 1.5392304845413263, "x": -1.9999999999999967}, "11": {"y": 0.0, "z": 1.5392304845413263, "x": -1.9999999999999967}}, "face": {"0": [7, 6, 1, 0], "1": [6, 5, 4, 1], "2": [11, 3, 9, 10], "3": [3, 2, 8, 9], "4": [0, 1, 3, 11], "5": [1, 4, 2, 3], "6": [4, 5, 8, 2], "7": [5, 6, 9, 8], "8": [6, 7, 10, 9], "9": [7, 0, 11, 10]}, "facedata": {"0": {}, "1": {}, "2": {}, "3": {}, "4": {}, "5": {}, "6": {}, "7": {}, "8": {}, "9": {}}, "edgedata": {}, "max_vertex": 11, "max_face": 9}, "guid": "331440c0-1f56-4a91-b3cb-89bb602d6c59"}}, "2": {"block": {"dtype": "compas_assembly.datastructures/Block", "data": {"attributes": {"name": null, "node": null}, "default_vertex_attributes": {"x": 0.0, "y": 0.0, "z": 0.0}, "default_edge_attributes": {}, "default_face_attributes": {}, "vertex": {"0": {"y": 0.0, "z": 2.8000000000000003, "x": 3.552713678800501e-15}, "1": {"y": 0.0, "z": 2.8000000000000003, "x": 0.6000000000000036}, "2": {"y": 0.0, "z": 0.49999999999999994, "x": 3.552713678800501e-15}, "3": {"y": 0.0, "z": 1.539230484541326, "x": 0.6000000000000036}, "4": {"y": 1.0, "z": 1.539230484541326, "x": 0.6000000000000036}, "5": {"y": 1.0, "z": 0.49999999999999994, "x": 3.552713678800501e-15}, "6": {"y": 1.0, "z": 2.8000000000000003, "x": 0.6000000000000036}, "7": {"y": 1.0, "z": 2.8000000000000003, "x": 3.552713678800501e-15}, "8": {"y": 1.0, "z": 1.539230484541326, "x": -0.5999999999999964}, "9": {"y": 0.0, "z": 1.539230484541326, "x": -0.5999999999999964}, "10": {"y": 1.0, "z": 2.8000000000000003, "x": -0.5999999999999964}, "11": {"y": 0.0, "z": 2.8000000000000003, "x": -0.5999999999999964}}, "face": {"0": [8, 5, 2, 9], "1": [5, 4, 3, 2], "2": [11, 0, 7, 10], "3": [0, 1, 6, 7], "4": [9, 2, 0, 11], "5": [2, 3, 1, 0], "6": [3, 4, 6, 1], "7": [4, 5, 7, 6], "8": [5, 8, 10, 7], "9": [8, 9, 11, 10]}, "facedata": {"0": {}, "1": {}, "2": {}, "3": {}, "4": {}, "5": {}, "6": {}, "7": {}, "8": {}, "9": {}}, "edgedata": {}, "max_vertex": 11, "max_face": 9}, "guid": "72eaf09f-be64-42b3-9508-85ba0aa315ea"}}, "0": {"block": {"dtype": "compas_assembly.datastructures/Block", "data": {"attributes": {"name": null, "node": null}, "default_vertex_attributes": {"x": 0.0, "y": 0.0, "z": 0.0}, "default_edge_attributes": {}, "default_face_attributes": {}, "vertex": {"0": {"y": 0.0, "z": 1.5392304845413263, "x": 0.6000000000000036}, "1": {"y": 0.0, "z": 1.5392304845413263, "x": 2.0000000000000036}, "2": {"y": 0.0, "z": 0.0, "x": 0.6000000000000036}, "3": {"y": 0.0, "z": 0.0, "x": 2.0000000000000036}, "4": {"y": 1.0, "z": 0.0, "x": 2.0000000000000036}, "5": {"y": 1.0, "z": 0.0, "x": 0.6000000000000036}, "6": {"y": 1.0, "z": 1.5392304845413263, "x": 2.0000000000000036}, "7": {"y": 1.0, "z": 1.5392304845413263, "x": 0.6000000000000036}, "8": {"y": 1.0, "z": 0.0, "x": 3.552713678800501e-15}, "9": {"y": 0.0, "z": 0.0, "x": 3.552713678800501e-15}, "10": {"y": 1.0, "z": 0.5000000000000001, "x": 3.552713678800501e-15}, "11": {"y": 0.0, "z": 0.5000000000000001, "x": 3.552713678800501e-15}}, "face": {"0": [8, 5, 2, 9], "1": [5, 4, 3, 2], "2": [11, 0, 7, 10], "3": [0, 1, 6, 7], "4": [9, 2, 0, 11], "5": [2, 3, 1, 0], "6": [3, 4, 6, 1], "7": [4, 5, 7, 6], "8": [5, 8, 10, 7], "9": [8, 9, 11, 10]}, "facedata": {"0": {}, "1": {}, "2": {}, "3": {}, "4": {}, "5": {}, "6": {}, "7": {}, "8": {}, "9": {}}, "edgedata": {}, "max_vertex": 11, "max_face": 9}, "guid": "c0d32f85-8a44-4122-bf69-44f7909f314a"}}}, "edge": {"1": {}, "2": {}, "0": {}}, "adjacency": {"1": {}, "2": {}, "0": {}}, "max_node": 2}}}, "guid": "d1cf0e1c-1bb4-4113-9d36-880b8bd16d4e"}