{"dtype": "compas_assembly.datastructures/Assembly", "data": {"attributes": {"name": "Assembly"}, "graph": {"dtype": "compas.datastructures/Graph", "data": {"attributes": {"name": "Graph"}, "default_node_attributes": {"block": null, "is_support": false, "section": null, "mesh_size": null}, "default_edge_attributes": {"interfaces": null}, "node": {"1": {"block": {"dtype": "compas_assembly.datastructures/Block", "data": {"attributes": {"name": null, "node": null}, "default_vertex_attributes": {"x": 0.0, "y": 0.0, "z": 0.0}, "default_edge_attributes": {}, "default_face_attributes": {}, "vertex": {"0": {"y": 0.0, "z": 0.0, "x": -0.5999999999999969}, "1": {"y": 0.0, "z": 0.5000000000000001, "x": 3.197442310920451e-15}, "2": {"y": 0.0, "z": 1.5392304845413263, "x": -0.5999999999999969}, "3": {"y": 0.0, "z": 0.0, "x": 3.197442310920451e-15}, "4": {"y": 1.0, "z": 0.0, "x": 3.197442310920451e-15}, "5": {"y": 1.0, "z": 0.0, "x": -0.5999999999999969}, "6": {"y": 1.0, "z": 0.5000000000000001, "x": 3.197442310920451e-15}, "7": {"y": 1.0, "z": 1.5392304845413263, "x": -0.5999999999999969}, "8": {"y": 1.0, "z": 0.0, "x": -1.999999999999997}, "9": {"y": 0.0, "z": 0.0, "x": -1.999999999999997}, "10": {"y": 1.0, "z": 1.5392304845413263, "x": -1.999999999999997}, "11": {"y": 0.0, "z": 1.5392304845413263, "x": -1.999999999999997}}, "face": {"0": [8, 5, 0, 9], "1": [5, 4, 3, 0], "2": [11, 2, 7, 10], "3": [2, 1, 6, 7], "4": [9, 0, 2, 11], "5": [0, 3, 1, 2], "6": [3, 4, 6, 1], "7": [4, 5, 7, 6], "8": [5, 8, 10, 7], "9": [8, 9, 11, 10]}, "facedata": {"0": {}, "1": {}, "2": {}, "3": {}, "4": {}, "5": {}, "6": {}, "7": {}, "8": {}, "9": {}}, "edgedata": {}, "max_vertex": 11, "max_face": 9}, "guid": "ad9af474-d1d0-45d4-b48b-4ad67d192f1d"}}, "2": {"block": {"dtype": "compas_assembly.datastructures/Block", "data": {"attributes": {"name": null, "node": null}, "default_vertex_attributes": {"x": 0.0, "y": 0.0, "z": 0.0}, "default_edge_attributes": {}, "default_face_attributes": {}, "vertex": {"0": {"y": 0.0, "z": 0.49999999999999994, "x": 3.197442310920451e-15}, "1": {"y": 0.0, "z": 1.6, "x": 0.6000000000000033}, "2": {"y": 0.0, "z": 1.6, "x": 1.7763568394002505e-15}, "3": {"y": 0.0, "z": 1.5392304845413263, "x": 0.6000000000000033}, "4": {"y": 1.0, "z": 1.5392304845413263, "x": 0.6000000000000033}, "5": {"y": 1.0, "z": 0.49999999999999994, "x": 3.197442310920451e-15}, "6": {"y": 1.0, "z": 1.539230484541327, "x": -0.5999999999999969}, "7": {"y": 1.0, "z": 1.6, "x": 0.6000000000000033}, "8": {"y": 1.0, "z": 1.6, "x": 1.7763568394002505e-15}, "9": {"y": 1.0, "z": 1.6000000000000008, "x": -0.5999999999999969}, "10": {"y": 0.0, "z": 1.539230484541327, "x": -0.5999999999999969}, "11": {"y": 0.0, "z": 1.6000000000000008, "x": -0.5999999999999969}}, "face": {"0": [6, 5, 0, 10], "1": [5, 4, 3, 0], "2": [11, 2, 8, 9], "3": [2, 1, 7, 8], "4": [10, 0, 2, 11], "5": [0, 3, 1, 2], "6": [3, 4, 7, 1], "7": [4, 5, 8, 7], "8": [5, 6, 9, 8], "9": [6, 10, 11, 9]}, "facedata": {"0": {}, "1": {}, "2": {}, "3": {}, "4": {}, "5": {}, "6": {}, "7": {}, "8": {}, "9": {}}, "edgedata": {}, "max_vertex": 11, "max_face": 9}, "guid": "e18fb4ad-ad06-400c-acde-a777236d1974"}}, "0": {"block": {"dtype": "compas_assembly.datastructures/Block", "data": {"attributes": {"name": null, "node": null}, "default_vertex_attributes": {"x": 0.0, "y": 0.0, "z": 0.0}, "default_edge_attributes": {}, "default_face_attributes": {}, "vertex": {"0": {"y": 0.0, "z": 0.0, "x": 3.197442310920451e-15}, "1": {"y": 0.0, "z": 0.0, "x": 0.6000000000000033}, "2": {"y": 1.0, "z": 1.5392304845413263, "x": 0.6000000000000033}, "3": {"y": 0.0, "z": 1.5392304845413263, "x": 0.6000000000000033}, "4": {"y": 0.0, "z": 0.0, "x": 2.000000000000003}, "5": {"y": 0.0, "z": 1.5392304845413263, "x": 2.000000000000003}, "6": {"y": 1.0, "z": 0.0, "x": 2.000000000000003}, "7": {"y": 1.0, "z": 0.0, "x": 0.6000000000000033}, "8": {"y": 1.0, "z": 0.0, "x": 3.197442310920451e-15}, "9": {"y": 1.0, "z": 1.5392304845413263, "x": 2.000000000000003}, "10": {"y": 1.0, "z": 0.5000000000000001, "x": 3.197442310920451e-15}, "11": {"y": 0.0, "z": 0.5000000000000001, "x": 3.197442310920451e-15}}, "face": {"0": [8, 7, 1, 0], "1": [7, 6, 4, 1], "2": [11, 3, 2, 10], "3": [3, 5, 9, 2], "4": [0, 1, 3, 11], "5": [1, 4, 5, 3], "6": [4, 6, 9, 5], "7": [6, 7, 2, 9], "8": [7, 8, 10, 2], "9": [8, 0, 11, 10]}, "facedata": {"0": {}, "1": {}, "2": {}, "3": {}, "4": {}, "5": {}, "6": {}, "7": {}, "8": {}, "9": {}}, "edgedata": {}, "max_vertex": 11, "max_face": 9}, "guid": "614e2f67-3678-4483-a51a-39966c638cf8"}}}, "edge": {"1": {}, "2": {}, "0": {}}, "adjacency": {"1": {}, "2": {}, "0": {}}, "max_node": 2}}}, "guid": "2f55fb71-a11b-4808-913d-5970b5ecea7d"}